id:INTEGER,Name:TEXT,CountryOfOrigin:TEXT,Gender:TEXT
1,William Jones,India,M
2,Thomas Jones,Canada,M
3,Sarah Wilson,Australia,F
4,Karen Miller,Australia,F
5,Susan Smith,Spain,F
6,Linda Jones,Canada,F
7,Susan Johnson,USA,F
8,Mary Wilson,Germany,F
9,James Wilson,UK,M
10,Karen Brown,Brazil,F
11,Michael Brown,Germany,M
12,Jennifer Brown,Italy,F
13,Jessica Brown,Germany,F
14,Joseph Jones,Spain,M
15,Michael Smith,Germany,M
16,Susan Miller,India,F
17,Daniel Davis,UK,M
18,Charles Smith,Spain,M
19,Karen Williams,UK,F
20,Jessica Smith,Germany,F
21,Daniel Rodriguez,UK,M
22,Sarah Garcia,USA,F
23,Sarah Garcia,France,F
24,Karen Miller,USA,F
25,Karen Rodriguez,Italy,F
26,James Miller,USA,M
27,Susan Jones,USA,F
28,Patricia Davis,India,F
29,Joseph Jones,Germany,M
30,Jessica Brown,Spain,F
31,Jennifer Davis,Spain,F
32,Daniel Davis,Australia,M
33,Daniel Rodriguez,Italy,M
34,James Miller,Italy,M
35,James Miller,France,M
36,Sarah Miller,Brazil,F
37,Robert Jones,Italy,M
38,David Smith,Italy,M
39,Mary Brown,USA,F
40,Patricia Williams,Germany,F
41,Linda Johnson,Canada,F
42,Mary Miller,Brazil,F
43,William Rodriguez,Germany,M
44,Robert Davis,Spain,M
45,Elizabeth Davis,France,F
46,Jennifer Garcia,Australia,F
47,Patricia Jones,UK,F
48,Sarah Rodriguez,Germany,F
49,Joseph Smith,Italy,M
50,Mary Brown,Brazil,F
51,Daniel Johnson,Germany,M
52,Charles Jones,France,M
53,Patricia Williams,UK,F
54,John Brown,Italy,M
55,Michael Davis,Germany,M
56,Elizabeth Wilson,France,F
57,Michael Rodriguez,India,M
58,Barbara Johnson,Australia,F
59,Daniel Jones,India,M
60,John Davis,Spain,M
61,David Jones,Germany,M
62,Michael Rodriguez,Australia,M
63,David Miller,Germany,M
64,Patricia Johnson,India,F
65,David Brown,India,M
66,Robert Williams,India,M
67,Patricia Brown,India,F
68,Robert Garcia,UK,M
69,Joseph Davis,USA,M
70,Jessica Miller,Germany,F
71,Jennifer Smith,UK,F
72,Barbara Brown,Brazil,F
73,Michael Jones,Spain,M
74,James Brown,Brazil,M
75,Karen Garcia,Canada,F
76,Charles Williams,France,M
77,Mary Smith,France,F
78,Patricia Brown,USA,F
79,Linda Williams,France,F
80,James Jones,Spain,M
81,Linda Brown,India,F
82,Jessica Wilson,India,F
83,Thomas Williams,Germany,M
84,Barbara Brown,India,F
85,Jennifer Garcia,UK,F
86,Charles Williams,Germany,M
87,Michael Rodriguez,Spain,M
88,Barbara Smith,Italy,F
89,Joseph Smith,Brazil,M
90,Michael Jones,Australia,M
91,Mary Brown,UK,F
92,Jessica Williams,India,F
93,Sarah Miller,Italy,F
94,Jennifer Garcia,Italy,F
95,Patricia Jones,Germany,F
96,James Williams,Spain,M
97,Karen Rodriguez,Spain,F
98,Karen Smith,Brazil,F
99,Elizabeth Miller,Brazil,F
100,Michael Johnson,Spain,M
101,Charles Garcia,Germany,M
102,Susan Johnson,France,F
103,Patricia Garcia,India,F
104,Linda Williams,India,F
105,William Brown,Brazil,M
106,Thomas Miller,Germany,M
107,Linda Brown,France,F
108,William Williams,Brazil,M
109,Robert Miller,Australia,M
110,Michael Rodriguez,Brazil,M
111,Daniel Jones,Australia,M
112,Patricia Garcia,Canada,F
113,James Davis,Australia,M
114,Patricia Miller,Australia,F
115,Linda Johnson,UK,F
116,James Jones,Italy,M
117,Charles Smith,India,M
118,James Jones,Germany,M
119,Thomas Smith,Italy,M
120,David Jones,UK,M
121,John Davis,India,M
122,Sarah Jones,Spain,F
123,Elizabeth Rodriguez,Germany,F
124,Jennifer Garcia,India,F
125,Joseph Williams,Italy,M
126,Elizabeth Rodriguez,Canada,F
127,James Jones,Australia,M
128,William Williams,Brazil,M
129,Karen Davis,India,F
130,John Davis,Canada,M
131,Jessica Williams,Italy,F
132,Joseph Wilson,Brazil,M
133,Thomas Garcia,Germany,M
134,Elizabeth Brown,Italy,F
135,William Davis,Brazil,M
136,Patricia Rodriguez,UK,F
137,Joseph Davis,Australia,M
138,James Miller,Germany,M
139,Barbara Brown,UK,F
140,Barbara Jones,UK,F
141,Patricia Rodriguez,Spain,F
142,David Smith,Spain,M
143,Daniel Wilson,Brazil,M
144,Joseph Smith,Canada,M
145,Thomas Garcia,USA,M
146,Mary Davis,Spain,F
147,Linda Brown,Italy,F
148,Patricia Williams,India,F
149,Sarah Johnson,France,F
150,Sarah Smith,Italy,F
151,James Johnson,Australia,M
152,Sarah Smith,Italy,F
153,Michael Rodriguez,Italy,M
154,Michael Wilson,Canada,M
155,Jessica Jones,Brazil,F
156,Sarah Garcia,Brazil,F
157,Joseph Williams,USA,M
158,Jessica Rodriguez,Canada,F
159,William Williams,USA,M
160,Elizabeth Jones,Italy,F
161,Joseph Miller,Italy,M
162,Jessica Smith,USA,F
163,Daniel Johnson,France,M
164,Sarah Rodriguez,India,F
165,Sarah Garcia,Australia,F
166,Joseph Miller,USA,M
167,Jessica Smith,India,F
168,Sarah Smith,Canada,F
169,John Smith,India,M
170,Elizabeth Wilson,Italy,F
171,Susan Garcia,UK,F
172,Robert Smith,Germany,M
173,Thomas Smith,USA,M
174,Karen Garcia,India,F
175,Robert Davis,USA,M
176,Joseph Johnson,Spain,M
177,David Garcia,UK,M
178,Robert Smith,Canada,M
179,Charles Rodriguez,India,M
180,Jessica Smith,Italy,F
181,Daniel Williams,France,M
182,Patricia Jones,Australia,F
183,Karen Williams,Italy,F
184,Robert Johnson,Canada,M
185,Karen Johnson,Australia,F
186,Daniel Smith,UK,M
187,Susan Garcia,Spain,F
188,Patricia Miller,UK,F
189,John Brown,Italy,M
190,Karen Williams,Canada,F
191,John Miller,USA,M
192,Joseph Johnson,Italy,M
193,Michael Wilson,Germany,M
194,Charles Williams,UK,M
195,Linda Williams,Canada,F
196,Susan Smith,Australia,F
197,William Rodriguez,Canada,M
198,Linda Miller,UK,F
199,Thomas Rodriguez,Spain,M
200,James Johnson,Canada,M
201,Joseph Garcia,France,M
202,John Rodriguez,Spain,M
203,James Wilson,Canada,M
204,Sarah Smith,Italy,F
205,Jessica Brown,India,F
206,Karen Wilson,UK,F
207,Linda Jones,USA,F
208,Susan Miller,UK,F
209,Robert Jones,Brazil,M
210,Jessica Davis,Australia,F
211,Jennifer Davis,Italy,F
212,Mary Smith,India,F
213,Mary Davis,Canada,F
214,Linda Johnson,USA,F
215,David Wilson,India,M
216,Sarah Smith,Australia,F
217,Jennifer Smith,Australia,F
218,Robert Williams,Germany,M
219,Elizabeth Davis,Italy,F
220,Thomas Wilson,Australia,M
221,Susan Williams,Germany,F
222,Elizabeth Smith,USA,F
223,Barbara Williams,India,F
224,Susan Garcia,UK,F
225,John Brown,Germany,M
226,William Johnson,UK,M
227,James Davis,Brazil,M
228,William Williams,Brazil,M
229,Jennifer Davis,UK,F
230,Jessica Smith,France,F
231,Sarah Davis,UK,F
232,Linda Garcia,Spain,F
233,Linda Williams,Germany,F
234,James Jones,India,M
235,Charles Wilson,Germany,M
236,Elizabeth Brown,USA,F
237,Robert Jones,Germany,M
238,Charles Johnson,UK,M
239,David Smith,India,M
240,Patricia Garcia,Brazil,F
241,Joseph Garcia,Canada,M
242,Robert Rodriguez,UK,M
243,Karen Miller,Brazil,F
244,James Davis,Canada,M
245,John Johnson,Spain,M
246,Linda Rodriguez,Italy,F
247,Thomas Miller,Brazil,M
248,Elizabeth Rodriguez,Italy,F
249,Michael Garcia,USA,M
250,Mary Johnson,UK,F
251,Robert Jones,Australia,M
252,John Rodriguez,USA,M
253,Patricia Garcia,Canada,F
254,John Davis,France,M
255,Linda Davis,India,F
256,John Johnson,USA,M
257,Elizabeth Garcia,Canada,F
258,Joseph Williams,France,M
259,Susan Davis,Canada,F
260,Joseph Wilson,India,M
261,Thomas Wilson,Spain,M
262,Barbara Williams,Italy,F
263,Joseph Williams,Brazil,M
264,Linda Rodriguez,USA,F
265,Robert Jones,Germany,M
266,James Rodriguez,USA,M
267,Sarah Smith,Italy,F
268,Robert Wilson,Brazil,M
269,Patricia Johnson,France,F
270,Jennifer Williams,UK,F
271,Karen Jones,Italy,F
272,Jessica Wilson,Germany,F
273,Thomas Wilson,Spain,M
274,James Brown,France,M
275,Patricia Miller,Spain,F
276,Karen Williams,Australia,F
277,David Wilson,Brazil,M
278,Mary Brown,Canada,F
279,Robert Smith,India,M
280,Robert Brown,Germany,M
281,Elizabeth Smith,Canada,F
282,Susan Miller,Italy,F
283,Patricia Williams,Australia,F
284,Jennifer Jones,India,F
285,Joseph Davis,Spain,M
286,Robert Jones,Germany,M
287,Robert Brown,Germany,M
288,Jessica Rodriguez,UK,F
289,Sarah Miller,France,F
290,Jennifer Wilson,USA,F
291,Jessica Johnson,Australia,F
292,Robert Williams,Australia,M
293,Jennifer Johnson,Australia,F
294,Susan Davis,Australia,F
295,Jennifer Garcia,Italy,F
296,John Brown,Canada,M
297,James Johnson,Brazil,M
298,Barbara Rodriguez,Australia,F
299,Robert Williams,India,M
300,Michael Smith,USA,M
301,Robert Brown,Italy,M
302,Barbara Smith,Spain,F
303,Karen Davis,Brazil,F
304,Sarah Smith,Canada,F
305,Jessica Smith,India,F
306,Susan Smith,India,F
307,Jessica Brown,Italy,F
308,Robert Wilson,Australia,M
309,Jessica Brown,Canada,F
310,John Jones,Australia,M
311,James Williams,Germany,M
312,Jennifer Jones,Italy,F
313,Linda Smith,Germany,F
314,Michael Johnson,Spain,M
315,Michael Williams,India,M
316,Joseph Johnson,Brazil,M
317,William Wilson,France,M
318,David Rodriguez,Spain,M
319,Jessica Brown,Italy,F
320,Jennifer Davis,Spain,F
321,Joseph Garcia,India,M
322,Robert Smith,India,M
323,Jennifer Garcia,USA,F
324,Joseph Brown,India,M
325,Thomas Williams,Brazil,M
326,John Wilson,Italy,M
327,Karen Jones,Spain,F
328,Mary Miller,UK,F
329,Charles Williams,Spain,M
330,Thomas Miller,Germany,M
331,Patricia Rodriguez,Brazil,F
332,Charles Brown,Brazil,M
333,James Wilson,India,M
334,David Williams,Spain,M
335,Thomas Miller,Canada,M
336,James Smith,Italy,M
337,Barbara Brown,France,F
338,Linda Jones,Germany,F
339,David Williams,France,M
340,Karen Garcia,Germany,F
341,Daniel Miller,Italy,M
342,Daniel Jones,Italy,M
343,Jennifer Smith,India,F
344,Susan Jones,Canada,F
345,James Garcia,Spain,M
346,Robert Miller,Brazil,M
347,Jennifer Garcia,Brazil,F
348,Mary Brown,Italy,F
349,William Brown,India,M
350,Karen Jones,Australia,F
351,Patricia Miller,Canada,F
352,Mary Miller,Brazil,F
353,Patricia Garcia,USA,F
354,Mary Garcia,Germany,F
355,Karen Williams,Australia,F
356,Charles Davis,France,M
357,Michael Rodriguez,France,M
358,Jennifer Williams,Australia,F
359,Thomas Davis,Italy,M
360,Susan Smith,Italy,F
361,Jessica Davis,Canada,F
362,David Miller,Germany,M
363,Karen Williams,USA,F
364,Barbara Jones,USA,F
365,Sarah Garcia,India,F
366,Michael Johnson,Australia,M
367,David Davis,India,M
368,Charles Rodriguez,Australia,M
369,Daniel Jones,UK,M
370,Mary Brown,India,F
371,Michael Rodriguez,USA,M
372,Daniel Davis,Australia,M
373,William Johnson,USA,M
374,Thomas Miller,USA,M
375,Robert Johnson,Germany,M
376,Jennifer Smith,Canada,F
377,Robert Garcia,France,M
378,Daniel Garcia,Brazil,M
379,Mary Johnson,Spain,F
380,Patricia Smith,UK,F
381,Thomas Miller,France,M
382,Robert Brown,Germany,M
383,Elizabeth Rodriguez,Australia,F
384,Mary Brown,Brazil,F
385,Barbara Rodriguez,USA,F
386,David Rodriguez,Brazil,M
387,Linda Wilson,India,F
388,Jessica Brown,Australia,F
389,Karen Smith,Brazil,F
390,Karen Smith,Spain,F
391,David Johnson,France,M
392,Thomas Smith,UK,M
393,William Smith,USA,M
394,James Rodriguez,France,M
395,Joseph Johnson,Spain,M
396,Linda Smith,Spain,F
397,Patricia Garcia,Canada,F
398,Susan Davis,Canada,F
399,Joseph Johnson,Spain,M
400,Sarah Davis,USA,F
401,Linda Wilson,Germany,F
402,Jennifer Johnson,Spain,F
403,Jessica Garcia,Canada,F
404,Barbara Miller,France,F
405,Michael Rodriguez,India,M
406,Barbara Garcia,Spain,F
407,Susan Johnson,Australia,F
408,Barbara Johnson,Australia,F
409,Patricia Johnson,Australia,F
410,Patricia Wilson,Italy,F
411,Robert Garcia,Australia,M
412,James Johnson,Brazil,M
413,John Brown,Australia,M
414,Elizabeth Wilson,Canada,F
415,Barbara Johnson,Germany,F
416,John Brown,France,M
417,Karen Miller,Germany,F
418,Mary Davis,India,F
419,Charles Johnson,Germany,M
420,James Davis,Brazil,M
421,Michael Miller,USA,M
422,Karen Wilson,Australia,F
423,Linda Davis,India,F
424,Jennifer Miller,UK,F
425,John Smith,Germany,M
426,Susan Rodriguez,Italy,F
427,Michael Rodriguez,Canada,M
428,Elizabeth Williams,France,F
429,Patricia Johnson,India,F
430,Linda Wilson,Australia,F
431,Thomas Davis,France,M
432,Jessica Garcia,Brazil,F
433,Elizabeth Miller,Germany,F
434,Linda Jones,UK,F
435,John Rodriguez,Germany,M
436,David Miller,UK,M
437,Mary Williams,Canada,F
438,Linda Brown,Australia,F
439,James Garcia,USA,M
440,Robert Rodriguez,Germany,M
441,Michael Davis,India,M
442,Robert Smith,Canada,M
443,John Miller,Italy,M
444,John Garcia,Spain,M
445,Thomas Williams,USA,M
446,Sarah Davis,Canada,F
447,Sarah Davis,India,F
448,Barbara Miller,USA,F
449,Susan Garcia,Brazil,F
450,Susan Wilson,Brazil,F
451,Daniel Rodriguez,USA,M
452,Susan Brown,USA,F
453,Sarah Jones,UK,F
454,Susan Miller,Brazil,F
455,James Johnson,USA,M
456,Michael Jones,Spain,M
457,Mary Smith,Germany,F
458,John Rodriguez,Brazil,M
459,Robert Miller,Spain,M
460,Robert Johnson,Canada,M
461,Barbara Jones,Italy,F
462,Barbara Johnson,Spain,F
463,Barbara Wilson,Canada,F
464,Sarah Brown,India,F
465,Jennifer Williams,UK,F
466,Patricia Garcia,Germany,F
467,Robert Garcia,USA,M
468,Sarah Wilson,Germany,F
469,William Smith,Italy,M
470,Daniel Williams,Australia,M
471,Barbara Williams,India,F
472,Sarah Miller,India,F
473,John Smith,Australia,M
474,Michael Garcia,Canada,M
475,Mary Garcia,India,F
476,Karen Williams,Australia,F
477,Robert Williams,UK,M
478,Daniel Rodriguez,Spain,M
479,Jennifer Brown,France,F
480,Daniel Miller,France,M
481,Susan Williams,Spain,F
482,Karen Wilson,Brazil,F
483,Daniel Jones,France,M
484,John Garcia,UK,M
485,David Jones,Australia,M
486,Charles Rodriguez,France,M
487,James Brown,Australia,M
488,David Rodriguez,Canada,M
489,Elizabeth Smith,USA,F
490,John Rodriguez,USA,M
491,Patricia Davis,UK,F
492,Sarah Williams,Brazil,F
493,Robert Brown,France,M
494,Daniel Jones,India,M
495,Daniel Smith,France,M
496,Robert Davis,India,M
497,Patricia Davis,USA,F
498,Mary Garcia,Australia,F
499,Jessica Brown,France,F
500,David Wilson,Brazil,M
501,Jennifer Williams,India,F
502,Jennifer Brown,Australia,F
503,David Johnson,USA,M
504,William Rodriguez,India,M
505,Charles Williams,Spain,M
506,Joseph Davis,Canada,M
507,John Smith,UK,M
508,Michael Williams,Spain,M
509,David Brown,Canada,M
510,Jennifer Johnson,USA,F
511,Barbara Smith,Spain,F
512,Karen Garcia,Germany,F
513,Robert Jones,USA,M
514,Jessica Rodriguez,Germany,F
515,David Rodriguez,Brazil,M
516,John Rodriguez,Brazil,M
517,Michael Brown,UK,M
518,Thomas Wilson,Italy,M
519,Elizabeth Davis,Spain,F
520,Daniel Jones,UK,M
521,Barbara Brown,Brazil,F
522,Elizabeth Wilson,Spain,F
523,David Williams,Germany,M
524,John Jones,Italy,M
525,Thomas Wilson,Australia,M
526,Jessica Brown,Spain,F
527,Sarah Miller,Brazil,F
528,Thomas Johnson,USA,M
529,Jennifer Davis,Australia,F
530,Charles Johnson,India,M
531,John Johnson,Brazil,M
532,Jennifer Brown,Canada,F
533,Daniel Wilson,USA,M
534,John Wilson,India,M
535,Michael Rodriguez,UK,M
536,Daniel Miller,Germany,M
537,Elizabeth Davis,Canada,F
538,Karen Smith,Germany,F
539,Thomas Williams,Canada,M
540,Robert Garcia,USA,M
541,Michael Brown,USA,M
542,Michael Brown,Canada,M
543,Jessica Wilson,Canada,F
544,Elizabeth Garcia,India,F
545,John Brown,Canada,M
546,Patricia Jones,France,F
547,Sarah Garcia,India,F
548,Mary Rodriguez,USA,F
549,Sarah Williams,UK,F
550,Jennifer Johnson,Australia,F
551,Charles Miller,Australia,M
552,Thomas Davis,Brazil,M
553,John Rodriguez,India,M
554,Robert Brown,Canada,M
555,Jessica Williams,Italy,F
556,Barbara Wilson,Canada,F
557,David Davis,Australia,M
558,Elizabeth Brown,Canada,F
559,Jessica Johnson,Germany,F
560,Karen Garcia,France,F
561,Patricia Wilson,UK,F
562,Mary Smith,Canada,F
563,Joseph Jones,Germany,M
564,David Davis,Canada,M
565,Jennifer Smith,UK,F
566,Mary Garcia,Italy,F
567,Mary Wilson,Canada,F
568,John Davis,Australia,M
569,Linda Williams,Brazil,F
570,Jessica Garcia,France,F
571,Linda Garcia,Canada,F
572,Susan Johnson,Italy,F
573,Elizabeth Johnson,UK,F
574,Michael Johnson,Germany,M
575,Charles Rodriguez,Germany,M
576,Patricia Jones,Germany,F
577,Thomas Jones,Italy,M
578,Jennifer Wilson,Brazil,F
579,Robert Johnson,Italy,M
580,John Rodriguez,Australia,M
581,Sarah Williams,Germany,F
582,Charles Miller,Canada,M
583,Daniel Davis,Brazil,M
584,Daniel Rodriguez,Brazil,M
585,Jennifer Miller,USA,F
586,Susan Garcia,UK,F
587,Michael Rodriguez,Brazil,M
588,Sarah Garcia,Brazil,F
589,Elizabeth Wilson,India,F
590,Linda Rodriguez,Canada,F
591,John Garcia,Germany,M
592,Robert Jones,Canada,M
593,Joseph Jones,Italy,M
594,James Garcia,Spain,M
595,Barbara Johnson,USA,F
596,Susan Wilson,Brazil,F
597,Jessica Garcia,Australia,F
598,Elizabeth Wilson,Brazil,F
599,Patricia Garcia,Spain,F
600,James Garcia,France,M
601,Jennifer Wilson,Italy,F
602,Mary Davis,Brazil,F
603,David Brown,Canada,M
604,Mary Smith,UK,F
605,Jessica Smith,Brazil,F
606,Joseph Williams,Spain,M
607,Linda Rodriguez,Australia,F
608,Susan Miller,Brazil,F
609,Joseph Davis,USA,M
610,Jessica Miller,USA,F
611,Patricia Jones,Brazil,F
612,Patricia Rodriguez,Brazil,F
613,David Williams,Italy,M
614,Barbara Smith,France,F
615,Patricia Johnson,USA,F
616,Joseph Garcia,Italy,M
617,Michael Garcia,UK,M
618,Patricia Johnson,France,F
619,Jennifer Smith,India,F
620,Mary Brown,Australia,F
621,William Miller,Italy,M
622,Joseph Johnson,Germany,M
623,Jessica Williams,UK,F
624,William Smith,France,M
625,William Brown,Brazil,M
626,Barbara Rodriguez,Australia,F
627,Daniel Jones,Italy,M
628,Michael Wilson,Brazil,M
629,Linda Garcia,Australia,F
630,Sarah Davis,Spain,F
631,Patricia Williams,Canada,F
632,James Garcia,India,M
633,Joseph Johnson,France,M
634,Charles Miller,Spain,M
635,James Miller,Spain,M
636,Patricia Garcia,India,F
637,Patricia Rodriguez,France,F
638,John Williams,UK,M
639,Charles Davis,Canada,M
640,Daniel Williams,Brazil,M
641,Michael Miller,Brazil,M
642,Jessica Davis,Italy,F
643,Patricia Miller,Germany,F
644,John Williams,Germany,M
645,Patricia Brown,USA,F
646,James Smith,Spain,M
647,Elizabeth Johnson,USA,F
648,Susan Smith,France,F
649,Linda Garcia,Germany,F
650,Thomas Wilson,USA,M
651,Sarah Brown,USA,F
652,Mary Smith,Australia,F
653,Linda Davis,Canada,F
654,Elizabeth Miller,UK,F
655,John Miller,Canada,M
656,John Davis,UK,M
657,Daniel Garcia,USA,M
658,James Davis,UK,M
659,Karen Jones,Germany,F
660,Michael Miller,Germany,M
661,Susan Brown,UK,F
662,James Davis,Brazil,M
663,David Williams,Canada,M
664,William Rodriguez,Germany,M
665,Elizabeth Miller,Australia,F
666,Elizabeth Davis,Brazil,F
667,Susan Garcia,Australia,F
668,Jessica Garcia,Brazil,F
669,Daniel Miller,Australia,M
670,David Rodriguez,Brazil,M
671,Charles Rodriguez,UK,M
672,Michael Davis,France,M
673,Barbara Jones,Italy,F
674,Robert Rodriguez,Spain,M
675,Charles Garcia,India,M
676,Sarah Miller,USA,F
677,Sarah Johnson,Brazil,F
678,Karen Wilson,Brazil,F
679,Mary Johnson,USA,F
680,Patricia Williams,India,F
681,Jennifer Williams,Australia,F
682,Barbara Jones,Canada,F
683,Susan Smith,Spain,F
684,Jennifer Miller,Germany,F
685,Michael Wilson,Spain,M
686,Susan Johnson,Spain,F
687,Jessica Brown,Germany,F
688,Sarah Rodriguez,France,F
689,Daniel Rodriguez,Italy,M
690,Robert Jones,Canada,M
691,Jennifer Miller,Spain,F
692,John Jones,Canada,M
693,John Williams,Spain,M
694,Daniel Garcia,France,M
695,Thomas Jones,UK,M
696,Joseph Johnson,Italy,M
697,Robert Garcia,Italy,M
698,Karen Smith,Italy,F
699,Sarah Jones,UK,F
700,Jessica Rodriguez,Germany,F
701,Jessica Miller,USA,F
702,Susan Smith,Spain,F
703,Jennifer Jones,Spain,F
704,John Williams,Spain,M
705,James Miller,Germany,M
706,William Johnson,Italy,M
707,Jennifer Garcia,Spain,F
708,Joseph Smith,Canada,M
709,Daniel Wilson,India,M
710,Charles Wilson,UK,M
711,Barbara Miller,India,F
712,Susan Miller,Spain,F
713,Karen Miller,USA,F
714,Joseph Garcia,USA,M
715,Karen Davis,UK,F
716,Daniel Wilson,Brazil,M
717,Mary Miller,Brazil,F
718,Sarah Wilson,Canada,F
719,Linda Williams,Australia,F
720,Barbara Jones,Canada,F
721,Susan Jones,India,F
722,Jessica Wilson,Brazil,F
723,Elizabeth Garcia,Italy,F
724,Daniel Smith,Canada,M
725,Linda Johnson,Brazil,F
726,Michael Garcia,India,M
727,Charles Davis,USA,M
728,Mary Garcia,France,F
729,Michael Miller,Germany,M
730,David Brown,France,M
731,Robert Garcia,USA,M
732,Mary Johnson,Brazil,F
733,David Brown,UK,M
734,John Brown,UK,M
735,Elizabeth Johnson,India,F
736,Joseph Jones,Spain,M
737,David Davis,France,M
738,John Jones,France,M
739,Patricia Davis,Canada,F
740,William Jones,Brazil,M
741,Thomas Jones,Canada,M
742,Mary Jones,Italy,F
743,William Smith,Italy,M
744,James Williams,Canada,M
745,Linda Rodriguez,Italy,F
746,Patricia Davis,Germany,F
747,Susan Miller,India,F
748,Mary Davis,Italy,F
749,Linda Rodriguez,Canada,F
750,James Wilson,Germany,M
751,Linda Smith,Canada,F
752,Joseph Williams,Canada,M
753,Sarah Davis,France,F
754,Jennifer Davis,Spain,F
755,Patricia Smith,Australia,F
756,Jennifer Miller,Australia,F
757,Linda Smith,UK,F
758,Michael Rodriguez,Italy,M
759,Patricia Smith,Canada,F
760,Joseph Smith,India,M
761,Joseph Garcia,Spain,M
762,Barbara Brown,UK,F
763,Charles Miller,USA,M
764,Thomas Rodriguez,Brazil,M
765,Patricia Davis,Brazil,F
766,Daniel Miller,Germany,M
767,Daniel Miller,Germany,M
768,Daniel Garcia,Canada,M
769,Joseph Williams,Italy,M
770,Linda Johnson,France,F
771,Robert Johnson,France,M
772,Charles Garcia,India,M
773,Robert Brown,India,M
774,Jennifer Garcia,Spain,F
775,Susan Rodriguez,France,F
776,William Smith,Canada,M
777,Daniel Davis,UK,M
778,Jennifer Jones,Italy,F
779,Susan Smith,Germany,F
780,Jennifer Williams,India,F
781,Joseph Brown,Italy,M
782,James Wilson,Italy,M
783,Daniel Jones,Australia,M
784,Barbara Wilson,Brazil,F
785,Jessica Jones,Germany,F
786,William Jones,France,M
787,David Davis,India,M
788,Sarah Wilson,Germany,F
789,Thomas Williams,Canada,M
790,John Miller,Brazil,M
791,Robert Miller,Brazil,M
792,Linda Jones,Australia,F
793,Patricia Johnson,Germany,F
794,Jessica Johnson,Australia,F
795,Susan Garcia,UK,F
796,Sarah Johnson,France,F
797,Michael Jones,India,M
798,Michael Johnson,Italy,M
799,Jennifer Miller,Germany,F
800,Elizabeth Rodriguez,France,F
801,Karen Williams,Brazil,F
802,Mary Johnson,Spain,F
803,Thomas Smith,Spain,M
804,Joseph Garcia,India,M
805,Jessica Miller,USA,F
806,Robert Miller,Spain,M
807,William Miller,Italy,M
808,Jennifer Wilson,Australia,F
809,John Davis,Italy,M
810,Thomas Johnson,USA,M
811,Joseph Rodriguez,Brazil,M
812,Michael Jones,USA,M
813,Thomas Johnson,Canada,M
814,Michael Wilson,Australia,M
815,David Miller,Brazil,M
816,David Wilson,India,M
817,Jennifer Jones,France,F
818,Michael Smith,Germany,M
819,John Smith,Italy,M
820,William Jones,Australia,M
821,Jessica Smith,France,F
822,Charles Williams,Germany,M
823,Joseph Williams,Germany,M
824,Karen Brown,India,F
825,Patricia Smith,India,F
826,Michael Smith,Australia,M
827,John Rodriguez,Italy,M
828,William Garcia,Canada,M
829,Daniel Williams,USA,M
830,Susan Williams,Canada,F
831,Jessica Williams,UK,F
832,Sarah Garcia,UK,F
833,Patricia Brown,Canada,F
834,James Williams,Italy,M
835,John Johnson,Canada,M
836,James Brown,Spain,M
837,John Rodriguez,France,M
838,Linda Johnson,France,F
839,Linda Jones,USA,F
840,Thomas Smith,Australia,M
841,Jessica Brown,France,F
842,Barbara Rodriguez,France,F
843,Sarah Miller,Brazil,F
844,James Rodriguez,Spain,M
845,Linda Jones,Brazil,F
846,Thomas Williams,India,M
847,Thomas Jones,Brazil,M
848,Susan Johnson,Italy,F
849,Daniel Davis,UK,M
850,Daniel Johnson,Brazil,M
851,Thomas Smith,Canada,M
852,Thomas Miller,Australia,M
853,Jessica Wilson,Italy,F
854,James Miller,Germany,M
855,Barbara Wilson,Spain,F
856,James Brown,Germany,M
857,Sarah Williams,Canada,F
858,Joseph Smith,France,M
859,James Williams,Australia,M
860,James Smith,UK,M
861,Joseph Johnson,Canada,M
862,Barbara Jones,France,F
863,Joseph Jones,UK,M
864,Michael Wilson,Australia,M
865,Barbara Davis,France,F
866,Jessica Brown,Spain,F
867,Barbara Davis,Canada,F
868,Barbara Miller,Brazil,F
869,Patricia Smith,Spain,F
870,Jessica Johnson,UK,F
871,Robert Miller,France,M
872,Daniel Rodriguez,Australia,M
873,Charles Brown,Australia,M
874,David Miller,Australia,M
875,Karen Wilson,USA,F
876,Susan Wilson,UK,F
877,Sarah Brown,Italy,F
878,William Williams,UK,M
879,Karen Miller,Germany,F
880,Charles Johnson,Canada,M
881,Thomas Miller,France,M
882,Thomas Brown,UK,M
883,Daniel Jones,Canada,M
884,John Smith,France,M
885,John Rodriguez,Germany,M
886,Elizabeth Williams,UK,F
887,Jessica Johnson,UK,F
888,Linda Miller,India,F
889,Sarah Rodriguez,Italy,F
890,Barbara Miller,USA,F
891,Patricia Brown,Germany,F
892,Robert Williams,France,M
893,Charles Brown,Germany,M
894,Mary Garcia,UK,F
895,Patricia Garcia,Brazil,F
896,Linda Smith,UK,F
897,Susan Jones,UK,F
898,Susan Wilson,Italy,F
899,James Rodriguez,Germany,M
900,Charles Jones,USA,M
901,James Jones,UK,M
902,Charles Miller,UK,M
903,Daniel Davis,USA,M
904,Michael Wilson,UK,M
905,David Garcia,France,M
906,Jennifer Wilson,Australia,F
907,Robert Brown,UK,M
908,Jessica Smith,UK,F
909,Linda Wilson,USA,F
910,Thomas Davis,France,M
911,William Miller,Spain,M
912,Joseph Smith,France,M
913,Barbara Jones,Australia,F
914,Robert Brown,UK,M
915,Linda Miller,Canada,F
916,John Johnson,Spain,M
917,Jennifer Smith,Italy,F
918,Patricia Miller,India,F
919,Sarah Williams,USA,F
920,Daniel Davis,Spain,M
921,Charles Brown,UK,M
922,James Rodriguez,Brazil,M
923,Jennifer Williams,Brazil,F
924,Michael Jones,UK,M
925,David Johnson,UK,M
926,Barbara Jones,USA,F
927,William Garcia,UK,M
928,David Wilson,France,M
929,Elizabeth Smith,Canada,F
930,Charles Miller,Canada,M
931,David Miller,Brazil,M
932,Charles Johnson,India,M
933,Barbara Brown,Brazil,F
934,Elizabeth Smith,India,F
935,Daniel Miller,France,M
936,Joseph Jones,UK,M
937,Sarah Wilson,Italy,F
938,Linda Brown,Germany,F
939,Thomas Wilson,France,M
940,Thomas Wilson,UK,M
941,James Jones,Brazil,M
942,John Davis,Spain,M
943,Daniel Johnson,Canada,M
944,Mary Miller,Germany,F
945,John Jones,Spain,M
946,Daniel Miller,Canada,M
947,Sarah Williams,Brazil,F
948,Joseph Rodriguez,Germany,M
949,Susan Davis,USA,F
950,Thomas Smith,India,M
951,Sarah Miller,UK,F
952,James Smith,UK,M
953,Charles Brown,France,M
954,Sarah Jones,Germany,F
955,Mary Brown,UK,F
956,John Wilson,Italy,M
957,Robert Jones,Brazil,M
958,David Rodriguez,India,M
959,Joseph Johnson,Spain,M
960,Elizabeth Miller,India,F
961,David Garcia,Australia,M
962,Thomas Davis,France,M
963,Daniel Miller,Brazil,M
964,James Davis,Brazil,M
965,Patricia Davis,India,F
966,Joseph Rodriguez,Brazil,M
967,Daniel Rodriguez,USA,M
968,Barbara Miller,India,F
969,Sarah Brown,India,F
970,Thomas Smith,Germany,M
971,William Wilson,Brazil,M
972,James Rodriguez,UK,M
973,Joseph Davis,Spain,M
974,William Davis,Australia,M
975,Mary Davis,Spain,F
976,Elizabeth Jones,India,F
977,Charles Garcia,UK,M
978,Thomas Smith,Brazil,M
979,Karen Williams,Germany,F
980,Linda Wilson,Brazil,F
981,Jennifer Smith,Australia,F
982,Charles Johnson,France,M
983,Susan Smith,Germany,F
984,Daniel Jones,Germany,M
985,Jessica Smith,Australia,F
986,Michael Wilson,Spain,M
987,Robert Williams,Spain,M
988,Michael Williams,UK,M
989,Thomas Johnson,Australia,M
990,Karen Davis,France,F
991,Robert Smith,Australia,M
992,Joseph Miller,India,M
993,Michael Brown,India,M
994,Joseph Miller,USA,M
995,Linda Davis,Canada,F
996,Patricia Johnson,India,F
997,Linda Wilson,India,F
998,Robert Wilson,Italy,M
999,Karen Garcia,Brazil,F
1000,John Wilson,USA,M
1001,William Jones,Italy,M
1002,Susan Brown,Australia,F
1003,Robert Davis,France,M
1004,Karen Brown,Spain,F
1005,Daniel Miller,Italy,M
1006,Sarah Garcia,Germany,F
1007,Jennifer Brown,France,F
1008,Barbara Williams,Spain,F
1009,Jennifer Miller,Spain,F
1010,Susan Rodriguez,India,F
1011,Charles Smith,Germany,M
1012,Elizabeth Brown,UK,F
1013,Elizabeth Davis,USA,F
1014,Charles Smith,Spain,M
1015,Susan Rodriguez,Brazil,F
1016,David Miller,Canada,M
1017,David Garcia,Italy,M
1018,Jennifer Garcia,Italy,F
1019,John Jones,Brazil,M
1020,Joseph Brown,Spain,M
1021,Robert Wilson,France,M
1022,Susan Smith,Brazil,F
1023,Karen Davis,UK,F
1024,James Davis,India,M
1025,David Williams,Brazil,M
1026,David Smith,UK,M
1027,Jennifer Wilson,Brazil,F
1028,Thomas Wilson,Australia,M
1029,Robert Wilson,Spain,M
1030,William Williams,Australia,M
1031,Joseph Garcia,India,M
1032,Barbara Smith,India,F
1033,Charles Brown,Germany,M
1034,Linda Williams,India,F
1035,Charles Rodriguez,Spain,M
1036,Jessica Brown,Spain,F
1037,James Davis,Spain,M
1038,Charles Wilson,UK,M
1039,Thomas Johnson,Canada,M
1040,Robert Garcia,Germany,M
1041,Karen Jones,Germany,F
1042,Elizabeth Smith,Canada,F
1043,Mary Brown,Australia,F
1044,Thomas Wilson,France,M
1045,Elizabeth Jones,Italy,F
1046,Karen Rodriguez,Brazil,F
1047,Daniel Johnson,USA,M
1048,Thomas Davis,USA,M
1049,Karen Johnson,Italy,F
1050,Joseph Davis,Australia,M
1051,Patricia Davis,Brazil,F
1052,Joseph Miller,India,M
1053,Barbara Rodriguez,France,F
1054,David Wilson,USA,M
1055,Barbara Jones,Italy,F
1056,Thomas Wilson,India,M
1057,William Wilson,Australia,M
1058,Barbara Johnson,Italy,F
1059,Michael Miller,France,M
1060,Robert Smith,Germany,M
1061,John Rodriguez,Brazil,M
1062,Elizabeth Miller,Italy,F
1063,John Garcia,Australia,M
1064,Charles Johnson,Germany,M
1065,Barbara Davis,Italy,F
1066,Joseph Davis,Australia,M
1067,Jennifer Wilson,Australia,F
1068,Thomas Wilson,Canada,M
1069,Sarah Smith,UK,F
1070,William Williams,Germany,M
1071,Daniel Smith,Germany,M
1072,John Wilson,Italy,M
1073,Patricia Brown,UK,F
1074,Jennifer Wilson,France,F
1075,Barbara Johnson,India,F
1076,David Wilson,India,M
1077,Linda Jones,Australia,F
1078,Sarah Garcia,Spain,F
1079,Linda Williams,France,F
1080,Patricia Davis,Canada,F
1081,Karen Rodriguez,Brazil,F
1082,Charles Rodriguez,Spain,M
1083,William Rodriguez,Canada,M
1084,James Johnson,Brazil,M
1085,Elizabeth Wilson,Germany,F
1086,Jennifer Davis,Brazil,F
1087,John Jones,USA,M
1088,Charles Davis,Italy,M
1089,Barbara Garcia,Spain,F
1090,John Davis,Australia,M
1091,William Smith,Spain,M
1092,John Miller,USA,M
1093,Charles Williams,Spain,M
1094,Linda Miller,Australia,F
1095,Robert Johnson,UK,M
1096,Barbara Brown,India,F
1097,Jessica Smith,Canada,F
1098,Robert Johnson,UK,M
1099,Barbara Brown,Brazil,F
1100,David Miller,UK,M
1101,Karen Jones,Germany,F
1102,Barbara Williams,UK,F
1103,Elizabeth Rodriguez,UK,F
1104,Sarah Rodriguez,Germany,F
1105,Robert Rodriguez,Brazil,M
1106,Elizabeth Wilson,UK,F
1107,Karen Davis,Spain,F
1108,Susan Jones,France,F
1109,Robert Garcia,Germany,M
1110,Charles Garcia,Canada,M
1111,Susan Rodriguez,Canada,F
1112,Elizabeth Wilson,Germany,F
1113,Michael Brown,Canada,M
1114,Sarah Miller,Germany,F
1115,James Wilson,UK,M
1116,Daniel Garcia,Australia,M
1117,Mary Jones,India,F
1118,Susan Garcia,Germany,F
1119,James Williams,Italy,M
1120,David Jones,Germany,M
1121,Daniel Jones,Australia,M
1122,Susan Jones,Australia,F
1123,Charles Miller,Australia,M
1124,Michael Brown,USA,M
1125,Sarah Rodriguez,Australia,F
1126,Barbara Rodriguez,Spain,F
1127,Susan Brown,UK,F
1128,Linda Johnson,USA,F
1129,Jessica Johnson,Italy,F
1130,Charles Williams,France,M
1131,Charles Jones,Germany,M
1132,Joseph Jones,Brazil,M
1133,William Davis,Germany,M
1134,Patricia Johnson,Italy,F
1135,Michael Rodriguez,Brazil,M
1136,Karen Garcia,Brazil,F
1137,Thomas Williams,France,M
1138,Thomas Williams,France,M
1139,William Brown,Germany,M
1140,William Johnson,Germany,M
1141,James Williams,USA,M
1142,Daniel Brown,Germany,M
1143,Elizabeth Garcia,Italy,F
1144,John Miller,India,M
1145,Linda Miller,Italy,F
1146,William Davis,Brazil,M
1147,Robert Davis,Italy,M
1148,Michael Miller,Canada,M
1149,Patricia Wilson,Brazil,F
1150,David Williams,France,M
1151,David Miller,Australia,M
1152,James Wilson,UK,M
1153,Karen Garcia,Brazil,F
1154,Elizabeth Garcia,UK,F
1155,Robert Rodriguez,Australia,M
1156,John Davis,USA,M
1157,Robert Miller,Germany,M
1158,Robert Williams,USA,M
1159,Charles Jones,Spain,M
1160,Michael Brown,UK,M
1161,Susan Garcia,France,F
1162,Jennifer Miller,Australia,F
1163,Jennifer Garcia,USA,F
1164,Charles Jones,Australia,M
1165,Charles Brown,India,M
1166,Linda Williams,India,F
1167,John Wilson,France,M
1168,Barbara Rodriguez,USA,F
1169,Barbara Garcia,Canada,F
1170,Sarah Davis,Brazil,F
1171,Jennifer Jones,India,F
1172,Michael Smith,France,M
1173,Patricia Davis,Brazil,F
1174,Mary Williams,Australia,F
1175,Patricia Davis,France,F
1176,Joseph Davis,Brazil,M
1177,Jessica Brown,France,F
1178,Jessica Smith,India,F
1179,Robert Wilson,Australia,M
1180,Michael Williams,France,M
1181,Daniel Garcia,Germany,M
1182,David Jones,Canada,M
1183,Karen Brown,Canada,F
1184,Daniel Garcia,France,M
1185,James Garcia,India,M
1186,James Garcia,Canada,M
1187,Charles Rodriguez,UK,M
1188,James Garcia,UK,M
1189,Barbara Davis,UK,F
1190,Mary Jones,India,F
1191,Daniel Jones,Spain,M
1192,Jennifer Johnson,Brazil,F
1193,Joseph Davis,Australia,M
1194,Joseph Davis,UK,M
1195,Michael Williams,Spain,M
1196,James Miller,France,M
1197,James Williams,Canada,M
1198,Mary Wilson,Brazil,F
1199,Linda Wilson,Canada,F
1200,Sarah Garcia,UK,F
1201,Joseph Wilson,Australia,M
1202,David Rodriguez,Germany,M
1203,William Garcia,USA,M
1204,Susan Smith,Germany,F
1205,Barbara Rodriguez,Germany,F
1206,Jessica Davis,India,F
1207,Elizabeth Rodriguez,USA,F
1208,Joseph Davis,Italy,M
1209,David Johnson,France,M
1210,Robert Jones,France,M
1211,Jennifer Jones,USA,F
1212,Robert Johnson,France,M
1213,Jessica Brown,Spain,F
1214,Susan Johnson,Spain,F
1215,Karen Williams,USA,F
1216,Barbara Miller,UK,F
1217,William Miller,Australia,M
1218,Michael Rodriguez,Australia,M
1219,Elizabeth Wilson,Germany,F
1220,Joseph Williams,Canada,M
1221,Sarah Williams,USA,F
1222,Linda Brown,Italy,F
1223,Susan Smith,Canada,F
1224,Daniel Williams,Canada,M
1225,John Smith,Spain,M
1226,Elizabeth Brown,Canada,F
1227,Linda Brown,Italy,F
1228,Thomas Smith,Brazil,M
1229,Barbara Brown,Spain,F
1230,Karen Garcia,Brazil,F
1231,Elizabeth Johnson,Germany,F
1232,Barbara Davis,Spain,F
1233,Jessica Williams,Australia,F
1234,Patricia Rodriguez,Canada,F
1235,William Brown,Spain,M
1236,Linda Garcia,France,F
1237,Jennifer Brown,Spain,F
1238,David Johnson,Australia,M
1239,David Jones,Spain,M
1240,Thomas Wilson,USA,M
1241,Linda Miller,France,F
1242,Thomas Smith,France,M
1243,Patricia Rodriguez,Australia,F
1244,Barbara Williams,Spain,F
1245,Robert Brown,Australia,M
1246,Susan Miller,Canada,F
1247,Charles Rodriguez,Canada,M
1248,William Wilson,Italy,M
1249,Daniel Wilson,India,M
1250,John Jones,Germany,M
1251,Sarah Miller,Brazil,F
1252,Karen Johnson,India,F
1253,Mary Miller,UK,F
1254,James Williams,Canada,M
1255,Thomas Wilson,Italy,M
1256,Daniel Smith,UK,M
1257,Susan Brown,Australia,F
1258,William Brown,India,M
1259,John Jones,Spain,M
1260,Daniel Johnson,France,M
1261,John Smith,Italy,M
1262,Barbara Davis,India,F
1263,William Rodriguez,Australia,M
1264,Barbara Rodriguez,Spain,F
1265,Karen Jones,India,F
1266,David Garcia,Spain,M
1267,Jessica Brown,India,F
1268,John Williams,France,M
1269,Susan Rodriguez,France,F
1270,Daniel Smith,Canada,M
1271,John Jones,Brazil,M
1272,Patricia Williams,France,F
1273,William Smith,USA,M
1274,Joseph Rodriguez,Germany,M
1275,Charles Davis,Italy,M
1276,Barbara Garcia,UK,F
1277,Joseph Smith,Germany,M
1278,Michael Wilson,Germany,M
1279,Susan Brown,Italy,F
1280,Elizabeth Jones,Germany,F
1281,Jennifer Smith,Australia,F
1282,Barbara Johnson,Germany,F
1283,Susan Davis,Australia,F
1284,Thomas Williams,Spain,M
1285,James Miller,Brazil,M
1286,John Garcia,Italy,M
1287,Robert Jones,Germany,M
1288,Patricia Smith,Spain,F
1289,John Smith,India,M
1290,Jennifer Rodriguez,Australia,F
1291,Michael Brown,Brazil,M
1292,Linda Williams,Germany,F
1293,James Wilson,Australia,M
1294,Linda Brown,Spain,F
1295,Linda Williams,Germany,F
1296,David Rodriguez,Canada,M
1297,Patricia Miller,USA,F
1298,John Smith,Germany,M
1299,James Miller,Spain,M
1300,Jennifer Brown,Germany,F
1301,Robert Jones,Australia,M
1302,Karen Williams,UK,F
1303,Joseph Miller,Canada,M
1304,Barbara Davis,Brazil,F
1305,Michael Miller,France,M
1306,Mary Williams,Australia,F
1307,Joseph Brown,India,M
1308,Susan Davis,USA,F
1309,Karen Davis,Brazil,F
1310,James Johnson,Canada,M
1311,Linda Williams,Australia,F
1312,Thomas Smith,Spain,M
1313,John Jones,USA,M
1314,Karen Miller,USA,F
1315,Jennifer Brown,UK,F
1316,Mary Wilson,USA,F
1317,Patricia Davis,Italy,F
1318,Jessica Miller,Spain,F
1319,Michael Johnson,France,M
1320,Susan Rodriguez,Brazil,F
1321,Patricia Smith,Brazil,F
1322,Elizabeth Miller,Canada,F
1323,Mary Garcia,Brazil,F
1324,Barbara Williams,Australia,F
1325,Michael Miller,USA,M
1326,Jessica Wilson,Australia,F
1327,David Brown,Italy,M
1328,Elizabeth Wilson,UK,F
1329,Karen Rodriguez,Germany,F
1330,Mary Smith,USA,F
1331,Joseph Garcia,USA,M
1332,John Jones,UK,M
1333,William Brown,Brazil,M
1334,William Brown,UK,M
1335,Susan Garcia,Spain,F
1336,Daniel Miller,Brazil,M
1337,Elizabeth Garcia,Spain,F
1338,Karen Rodriguez,Canada,F
1339,Patricia Smith,USA,F
1340,David Smith,France,M
1341,Karen Garcia,France,F
1342,Patricia Garcia,Italy,F
1343,Patricia Johnson,Brazil,F
1344,Daniel Brown,USA,M
1345,Karen Johnson,India,F
1346,Michael Johnson,Australia,M
1347,Jennifer Garcia,India,F
1348,William Rodriguez,Canada,M
1349,Jennifer Smith,Brazil,F
1350,John Williams,Italy,M
1351,Michael Johnson,Italy,M
1352,Charles Wilson,USA,M
1353,Jessica Rodriguez,UK,F
1354,Joseph Davis,Brazil,M
1355,Barbara Johnson,Brazil,F
1356,Linda Miller,Australia,F
1357,Barbara Smith,France,F
1358,Daniel Brown,Germany,M
1359,Michael Brown,Italy,M
1360,Karen Davis,Italy,F
1361,Barbara Smith,Germany,F
1362,Patricia Miller,Italy,F
1363,Barbara Garcia,Canada,F
1364,James Garcia,France,M
1365,Karen Wilson,India,F
1366,Jennifer Jones,Germany,F
1367,Susan Smith,Brazil,F
1368,James Jones,Italy,M
1369,John Garcia,Italy,M
1370,Karen Williams,India,F
1371,Sarah Smith,Germany,F
1372,Jessica Rodriguez,Canada,F
1373,James Garcia,Brazil,M
1374,Barbara Davis,France,F
1375,Daniel Jones,Australia,M
1376,Joseph Garcia,France,M
1377,Daniel Davis,Spain,M
1378,Mary Smith,Brazil,F
1379,James Brown,Italy,M
1380,Patricia Wilson,USA,F
1381,Charles Wilson,Canada,M
1382,David Johnson,France,M
1383,Michael Johnson,Italy,M
1384,Linda Smith,Spain,F
1385,Jessica Brown,Brazil,F
1386,Jennifer Jones,USA,F
1387,Patricia Jones,USA,F
1388,Mary Jones,Germany,F
1389,Jennifer Garcia,Canada,F
1390,David Miller,Canada,M
1391,John Smith,USA,M
1392,James Davis,UK,M
1393,Michael Garcia,UK,M
1394,Jessica Williams,France,F
1395,Jessica Garcia,Brazil,F
1396,Patricia Wilson,Spain,F
1397,Elizabeth Brown,France,F
1398,Linda Smith,USA,F
1399,Patricia Garcia,USA,F
1400,David Rodriguez,Brazil,M
1401,Mary Garcia,Australia,F
1402,Mary Brown,Germany,F
1403,David Smith,Canada,M
1404,David Miller,France,M
1405,Michael Miller,Germany,M
1406,Michael Wilson,Canada,M
1407,William Wilson,Italy,M
1408,Sarah Brown,France,F
1409,David Williams,India,M
1410,John Davis,Australia,M
1411,Susan Wilson,Canada,F
1412,Mary Smith,France,F
1413,Charles Williams,Germany,M
1414,Sarah Miller,UK,F
1415,James Brown,Brazil,M
1416,Linda Jones,Italy,F
1417,Thomas Miller,Australia,M
1418,Thomas Davis,France,M
1419,James Davis,Brazil,M
1420,Daniel Miller,Australia,M
1421,Jennifer Williams,Germany,F
1422,Karen Davis,France,F
1423,Charles Johnson,Spain,M
1424,Elizabeth Brown,Italy,F
1425,William Brown,Italy,M
1426,Mary Miller,Canada,F
1427,Elizabeth Garcia,Canada,F
1428,Sarah Davis,Australia,F
1429,John Smith,UK,M
1430,Patricia Brown,Germany,F
1431,Elizabeth Miller,Brazil,F
1432,James Jones,Canada,M
1433,Joseph Miller,UK,M
1434,David Garcia,USA,M
1435,Elizabeth Davis,Germany,F
1436,Susan Garcia,Spain,F
1437,William Smith,Germany,M
1438,Thomas Williams,India,M
1439,David Miller,Italy,M
1440,Jessica Wilson,Italy,F
1441,Jessica Wilson,Spain,F
1442,Elizabeth Garcia,India,F
1443,Robert Jones,Canada,M
1444,Barbara Rodriguez,France,F
1445,Michael Johnson,Spain,M
1446,Susan Garcia,Germany,F
1447,Joseph Williams,India,M
1448,Susan Garcia,UK,F
1449,Daniel Davis,USA,M
1450,William Johnson,Brazil,M
1451,Jennifer Johnson,Brazil,F
1452,William Rodriguez,France,M
1453,Thomas Rodriguez,Australia,M
1454,William Jones,UK,M
1455,Daniel Smith,USA,M
1456,Charles Davis,UK,M
1457,Sarah Rodriguez,UK,F
1458,David Garcia,France,M
1459,Charles Smith,Brazil,M
1460,James Garcia,Australia,M
1461,William Davis,Brazil,M
1462,Jessica Garcia,Canada,F
1463,Daniel Johnson,UK,M
1464,William Johnson,UK,M
1465,John Williams,Spain,M
1466,James Jones,UK,M
1467,Michael Rodriguez,UK,M
1468,James Johnson,Brazil,M
1469,Karen Smith,USA,F
1470,David Garcia,Germany,M
1471,Joseph Wilson,Italy,M
1472,Daniel Garcia,India,M
1473,Robert Brown,France,M
1474,Susan Miller,Italy,F
1475,William Rodriguez,Canada,M
1476,Sarah Williams,Australia,F
1477,Karen Smith,India,F
1478,Karen Johnson,Spain,F
1479,Joseph Johnson,USA,M
1480,David Davis,Germany,M
1481,Thomas Smith,France,M
1482,Linda Smith,Spain,F
1483,Mary Garcia,Brazil,F
1484,Patricia Smith,Italy,F
1485,Charles Garcia,Canada,M
1486,Robert Jones,Germany,M
1487,Sarah Garcia,Australia,F
1488,Sarah Miller,India,F
1489,Jessica Garcia,Brazil,F
1490,Elizabeth Johnson,Germany,F
1491,Patricia Miller,UK,F
1492,Jennifer Davis,India,F
1493,John Garcia,India,M
1494,Elizabeth Johnson,Brazil,F
1495,Jessica Brown,USA,F
1496,Jennifer Rodriguez,Brazil,F
1497,Susan Rodriguez,UK,F
1498,Patricia Miller,Canada,F
1499,Michael Wilson,Spain,M
1500,Joseph Davis,UK,M
1501,Mary Rodriguez,UK,F
1502,Mary Williams,Spain,F
1503,Robert Davis,Australia,M
1504,Daniel Williams,UK,M
1505,Sarah Johnson,Germany,F
1506,Patricia Smith,USA,F
1507,David Smith,Brazil,M
1508,Susan Brown,USA,F
1509,Barbara Davis,Spain,F
1510,John Jones,Italy,M
1511,Jessica Wilson,Spain,F
1512,Elizabeth Wilson,India,F
1513,Linda Smith,Germany,F
1514,Joseph Davis,Canada,M
1515,Michael Jones,UK,M
1516,Karen Rodriguez,USA,F
1517,David Johnson,France,M
1518,John Johnson,Australia,M
1519,John Williams,France,M
1520,Linda Johnson,France,F
1521,Jessica Davis,Canada,F
1522,Jennifer Smith,Brazil,F
1523,Susan Davis,UK,F
1524,Barbara Garcia,USA,F
1525,Robert Miller,Australia,M
1526,David Davis,Canada,M
1527,Thomas Williams,UK,M
1528,Robert Garcia,UK,M
1529,Michael Jones,Canada,M
1530,Karen Johnson,Italy,F
1531,Barbara Brown,Canada,F
1532,Mary Miller,Spain,F
1533,David Jones,USA,M
1534,Charles Garcia,France,M
1535,Barbara Smith,Germany,F
1536,Sarah Wilson,India,F
1537,Jessica Rodriguez,Germany,F
1538,Thomas Johnson,Australia,M
1539,James Brown,India,M
1540,John Brown,France,M
1541,David Wilson,Spain,M
1542,John Johnson,UK,M
1543,William Williams,India,M
1544,Michael Johnson,France,M
1545,William Garcia,Australia,M
1546,David Miller,Italy,M
1547,David Garcia,USA,M
1548,Mary Garcia,USA,F
1549,James Smith,Canada,M
1550,Charles Jones,Germany,M
1551,Sarah Davis,Spain,F
1552,Susan Davis,Spain,F
1553,Thomas Davis,Canada,M
1554,Thomas Brown,USA,M
1555,Charles Wilson,France,M
1556,Susan Williams,Spain,F
1557,Mary Jones,Italy,F
1558,Charles Garcia,UK,M
1559,Joseph Smith,Brazil,M
1560,Jessica Jones,UK,F
1561,Sarah Davis,UK,F
1562,William Davis,India,M
1563,Barbara Smith,Germany,F
1564,David Williams,Brazil,M
1565,Joseph Wilson,Brazil,M
1566,Charles Smith,Italy,M
1567,Charles Davis,Spain,M
1568,Patricia Rodriguez,Germany,F
1569,Michael Wilson,Spain,M
1570,Charles Garcia,Canada,M
1571,Jennifer Davis,France,F
1572,Robert Davis,Italy,M
1573,Karen Davis,Spain,F
1574,Thomas Jones,Canada,M
1575,Daniel Smith,USA,M
1576,Michael Williams,UK,M
1577,Patricia Williams,USA,F
1578,Sarah Johnson,Italy,F
1579,Michael Johnson,Italy,M
1580,Patricia Jones,Italy,F
1581,Charles Rodriguez,France,M
1582,Sarah Miller,India,F
1583,Robert Garcia,India,M
1584,Daniel Davis,Spain,M
1585,Sarah Jones,Australia,F
1586,Joseph Davis,Australia,M
1587,Thomas Rodriguez,UK,M
1588,Susan Wilson,Canada,F
1589,James Smith,USA,M
1590,John Miller,Spain,M
1591,Jennifer Johnson,UK,F
1592,Charles Miller,Australia,M
1593,James Brown,Brazil,M
1594,Patricia Davis,Brazil,F
1595,Thomas Johnson,Australia,M
1596,Susan Johnson,Italy,F
1597,Michael Jones,India,M
1598,Joseph Rodriguez,Spain,M
1599,Patricia Miller,Spain,F
1600,Mary Brown,Spain,F
1601,Charles Brown,USA,M
1602,Jennifer Jones,Brazil,F
1603,Sarah Williams,Spain,F
1604,Sarah Brown,India,F
1605,Mary Rodriguez,Canada,F
1606,William Jones,Canada,M
1607,James Brown,Italy,M
1608,Michael Jones,Italy,M
1609,Daniel Miller,France,M
1610,Elizabeth Davis,Brazil,F
1611,Michael Miller,Italy,M
1612,Joseph Rodriguez,Australia,M
1613,Sarah Jones,USA,F
1614,Joseph Brown,USA,M
1615,Karen Williams,India,F
1616,Jennifer Jones,Australia,F
1617,Patricia Jones,Brazil,F
1618,James Smith,France,M
1619,Robert Rodriguez,Italy,M
1620,Michael Garcia,Spain,M
1621,David Wilson,Canada,M
1622,James Williams,UK,M
1623,Jennifer Wilson,Germany,F
1624,Barbara Jones,India,F
1625,Daniel Williams,Italy,M
1626,Susan Smith,Spain,F
1627,Charles Smith,France,M
1628,Michael Jones,Italy,M
1629,Elizabeth Brown,Italy,F
1630,Karen Brown,Germany,F
1631,Jennifer Rodriguez,Brazil,F
1632,Michael Miller,Germany,M
1633,Linda Davis,Brazil,F
1634,Mary Smith,USA,F
1635,Charles Brown,Australia,M
1636,Charles Rodriguez,Canada,M
1637,Jessica Miller,Italy,F
1638,William Smith,India,M
1639,John Wilson,Canada,M
1640,Jennifer Jones,Spain,F
1641,John Jones,Germany,M
1642,Karen Rodriguez,Italy,F
1643,Joseph Davis,France,M
1644,Jessica Davis,Canada,F
1645,Charles Miller,France,M
1646,Susan Jones,Spain,F
1647,Patricia Miller,India,F
1648,Jennifer Miller,Brazil,F
1649,James Wilson,India,M
1650,Barbara Garcia,Italy,F
1651,Charles Wilson,UK,M
1652,John Williams,France,M
1653,Robert Rodriguez,UK,M
1654,James Rodriguez,Italy,M
1655,Charles Jones,Canada,M
1656,David Brown,Spain,M
1657,Michael Miller,Spain,M
1658,Patricia Jones,UK,F
1659,James Smith,Brazil,M
1660,Jessica Garcia,USA,F
1661,David Wilson,Germany,M
1662,David Johnson,France,M
1663,James Wilson,UK,M
1664,Barbara Smith,Canada,F
1665,Patricia Smith,Germany,F
1666,Joseph Williams,France,M
1667,Linda Wilson,Spain,F
1668,Linda Garcia,Spain,F
1669,Patricia Rodriguez,Germany,F
1670,Michael Jones,USA,M
1671,Mary Miller,India,F
1672,Robert Smith,Italy,M
1673,Michael Miller,Italy,M
1674,Patricia Garcia,India,F
1675,Barbara Davis,France,F
1676,Charles Wilson,Canada,M
1677,John Williams,India,M
1678,Sarah Smith,France,F
1679,Elizabeth Williams,Germany,F
1680,Jennifer Garcia,India,F
1681,Susan Williams,UK,F
1682,Linda Smith,Australia,F
1683,Elizabeth Johnson,UK,F
1684,Barbara Brown,Spain,F
1685,Joseph Jones,UK,M
1686,Patricia Rodriguez,France,F
1687,Charles Davis,Canada,M
1688,Joseph Wilson,France,M
1689,Karen Wilson,France,F
1690,Thomas Williams,Australia,M
1691,Jessica Garcia,UK,F
1692,Mary Brown,Germany,F
1693,Joseph Miller,France,M
1694,Karen Rodriguez,France,F
1695,Mary Garcia,Spain,F
1696,Linda Johnson,Canada,F
1697,Mary Johnson,Canada,F
1698,Michael Rodriguez,Canada,M
1699,Mary Jones,UK,F
1700,Robert Johnson,Italy,M
1701,Karen Johnson,Italy,F
1702,John Johnson,Germany,M
1703,Daniel Wilson,Spain,M
1704,Jessica Garcia,Spain,F
1705,Michael Davis,France,M
1706,Joseph Davis,Australia,M
1707,Karen Davis,USA,F
1708,Michael Brown,Brazil,M
1709,Linda Garcia,UK,F
1710,Michael Smith,France,M
1711,William Miller,Spain,M
1712,Mary Jones,Australia,F
1713,James Smith,UK,M
1714,David Davis,France,M
1715,Michael Jones,Brazil,M
1716,Elizabeth Johnson,Canada,F
1717,Karen Rodriguez,Canada,F
1718,Thomas Wilson,Spain,M
1719,Karen Rodriguez,Germany,F
1720,Thomas Smith,Spain,M
1721,Susan Smith,Italy,F
1722,Linda Jones,Spain,F
1723,Susan Brown,France,F
1724,Mary Brown,Germany,F
1725,William Jones,Italy,M
1726,Charles Wilson,USA,M
1727,Charles Davis,Australia,M
1728,Jennifer Williams,Germany,F
1729,Linda Rodriguez,USA,F
1730,Daniel Brown,UK,M
1731,David Davis,France,M
1732,Barbara Davis,Italy,F
1733,Michael Davis,Germany,M
1734,Sarah Jones,Germany,F
1735,Mary Brown,Spain,F
1736,Barbara Miller,Australia,F
1737,Thomas Smith,Australia,M
1738,Jessica Brown,Canada,F
1739,Patricia Davis,Italy,F
1740,John Smith,Australia,M
1741,Robert Williams,Brazil,M
1742,Sarah Garcia,UK,F
1743,Jennifer Garcia,Germany,F
1744,Susan Garcia,USA,F
1745,Thomas Garcia,Brazil,M
1746,John Williams,Italy,M
1747,Thomas Jones,Italy,M
1748,Joseph Garcia,India,M
1749,Thomas Johnson,Brazil,M
1750,Karen Jones,Spain,F
1751,David Rodriguez,Italy,M
1752,Linda Davis,India,F
1753,Mary Miller,USA,F
1754,James Smith,India,M
1755,David Wilson,Italy,M
1756,Susan Davis,Australia,F
1757,Linda Rodriguez,India,F
1758,Joseph Smith,France,M
1759,Sarah Williams,Brazil,F
1760,Susan Miller,UK,F
1761,Michael Jones,USA,M
1762,Daniel Miller,UK,M
1763,Thomas Wilson,Canada,M
1764,Karen Davis,Germany,F
1765,John Rodriguez,India,M
1766,Barbara Rodriguez,Brazil,F
1767,Robert Johnson,Canada,M
1768,Michael Jones,USA,M
1769,Elizabeth Smith,Brazil,F
1770,Patricia Jones,France,F
1771,Robert Smith,Australia,M
1772,William Williams,UK,M
1773,David Garcia,India,M
1774,Joseph Davis,Italy,M
1775,Sarah Davis,Australia,F
1776,Joseph Smith,Canada,M
1777,Thomas Wilson,USA,M
1778,Thomas Davis,USA,M
1779,Barbara Jones,Canada,F
1780,Jennifer Davis,Brazil,F
1781,John Wilson,USA,M
1782,Elizabeth Davis,Italy,F
1783,Charles Smith,France,M
1784,Elizabeth Williams,India,F
1785,John Williams,Australia,M
1786,Sarah Miller,France,F
1787,Sarah Johnson,Canada,F
1788,Daniel Rodriguez,UK,M
1789,Susan Rodriguez,Canada,F
1790,Susan Smith,India,F
1791,Thomas Smith,Spain,M
1792,Robert Brown,Germany,M
1793,Mary Johnson,Italy,F
1794,Michael Rodriguez,Canada,M
1795,Thomas Brown,Spain,M
1796,Mary Jones,Canada,F
1797,James Brown,Spain,M
1798,Jennifer Johnson,Germany,F
1799,Linda Smith,USA,F
1800,James Smith,Brazil,M
1801,Patricia Rodriguez,France,F
1802,Charles Johnson,UK,M
1803,Linda Miller,UK,F
1804,David Brown,UK,M
1805,Michael Johnson,Brazil,M
1806,Sarah Garcia,Spain,F
1807,Barbara Brown,Germany,F
1808,Susan Miller,India,F
1809,Patricia Johnson,USA,F
1810,Charles Johnson,USA,M
1811,Robert Jones,USA,M
1812,Jennifer Garcia,Spain,F
1813,Thomas Miller,Spain,M
1814,Susan Jones,USA,F
1815,Daniel Jones,UK,M
1816,Patricia Wilson,Germany,F
1817,Mary Williams,Italy,F
1818,Sarah Davis,Germany,F
1819,Mary Johnson,France,F
1820,Daniel Rodriguez,France,M
1821,John Smith,Brazil,M
1822,Robert Brown,USA,M
1823,Susan Garcia,USA,F
1824,Robert Brown,USA,M
1825,Daniel Wilson,Italy,M
1826,Patricia Garcia,Germany,F
1827,Robert Garcia,USA,M
1828,James Garcia,Australia,M
1829,Daniel Wilson,Brazil,M
1830,Patricia Johnson,Canada,F
1831,Susan Wilson,USA,F
1832,Thomas Rodriguez,Brazil,M
1833,Jessica Williams,Spain,F
1834,Charles Smith,India,M
1835,James Wilson,Germany,M
1836,Robert Garcia,Italy,M
1837,John Garcia,Australia,M
1838,Jennifer Smith,Spain,F
1839,Susan Garcia,UK,F
1840,Jessica Davis,UK,F
1841,Robert Johnson,Australia,M
1842,Patricia Brown,Italy,F
1843,Jennifer Smith,USA,F
1844,Charles Jones,Brazil,M
1845,Robert Jones,UK,M
1846,Sarah Rodriguez,Italy,F
1847,Robert Rodriguez,France,M
1848,James Miller,USA,M
1849,David Williams,USA,M
1850,Mary Wilson,Australia,F
1851,James Williams,India,M
1852,Patricia Miller,Spain,F
1853,Patricia Miller,UK,F
1854,Mary Davis,Italy,F
1855,James Williams,UK,M
1856,Linda Miller,USA,F
1857,Joseph Rodriguez,France,M
1858,Barbara Williams,Canada,F
1859,Michael Rodriguez,India,M
1860,John Johnson,France,M
1861,Michael Jones,Canada,M
1862,Joseph Williams,Spain,M
1863,Daniel Garcia,UK,M
1864,Barbara Williams,Germany,F
1865,James Johnson,Brazil,M
1866,Joseph Williams,Canada,M
1867,William Garcia,Germany,M
1868,Karen Smith,Italy,F
1869,Jennifer Rodriguez,Canada,F
1870,Jennifer Smith,USA,F
1871,Elizabeth Brown,France,F
1872,Mary Wilson,India,F
1873,Barbara Wilson,India,F
1874,Jessica Miller,India,F
1875,Mary Johnson,Canada,F
1876,John Wilson,Canada,M
1877,James Brown,France,M
1878,Jennifer Wilson,Italy,F
1879,Charles Smith,UK,M
1880,Linda Johnson,India,F
1881,Sarah Brown,India,F
1882,John Smith,France,M
1883,Daniel Garcia,Australia,M
1884,Michael Williams,Spain,M
1885,David Williams,India,M
1886,Thomas Jones,Brazil,M
1887,Linda Smith,Brazil,F
1888,Daniel Smith,USA,M
1889,Susan Johnson,UK,F
1890,Barbara Wilson,Brazil,F
1891,Karen Garcia,India,F
1892,Thomas Johnson,Italy,M
1893,Daniel Johnson,India,M
1894,Joseph Smith,UK,M
1895,Charles Jones,Spain,M
1896,Thomas Smith,USA,M
1897,Karen Wilson,UK,F
1898,David Wilson,Canada,M
1899,Barbara Garcia,India,F
1900,Robert Jones,USA,M
1901,Elizabeth Brown,Australia,F
1902,Susan Wilson,Brazil,F
1903,Daniel Rodriguez,USA,M
1904,Sarah Wilson,Spain,F
1905,Patricia Garcia,Spain,F
1906,Patricia Brown,UK,F
1907,Charles Smith,Italy,M
1908,Patricia Smith,Spain,F
1909,Charles Rodriguez,Spain,M
1910,Daniel Rodriguez,Italy,M
1911,William Smith,France,M
1912,David Williams,Australia,M
1913,Joseph Rodriguez,Germany,M
1914,Mary Davis,India,F
1915,William Rodriguez,Spain,M
1916,Elizabeth Garcia,USA,F
1917,Joseph Garcia,Germany,M
1918,John Miller,Brazil,M
1919,Robert Johnson,Canada,M
1920,Susan Brown,Germany,F
1921,Thomas Jones,Italy,M
1922,Patricia Brown,USA,F
1923,William Miller,USA,M
1924,Mary Jones,Canada,F
1925,Karen Johnson,Germany,F
1926,John Davis,France,M
1927,Karen Johnson,France,F
1928,James Rodriguez,Australia,M
1929,John Rodriguez,Italy,M
1930,William Jones,Spain,M
1931,Susan Brown,Italy,F
1932,Elizabeth Wilson,Canada,F
1933,Robert Miller,Italy,M
1934,John Williams,Brazil,M
1935,Robert Wilson,India,M
1936,Elizabeth Smith,Italy,F
1937,Karen Brown,Italy,F
1938,William Miller,UK,M
1939,Barbara Rodriguez,Germany,F
1940,Jessica Smith,Australia,F
1941,Elizabeth Brown,USA,F
1942,Robert Williams,UK,M
1943,Jennifer Smith,Canada,F
1944,Barbara Brown,Italy,F
1945,Michael Jones,France,M
1946,Jessica Jones,India,F
1947,Sarah Garcia,India,F
1948,Charles Rodriguez,UK,M
1949,William Davis,UK,M
1950,Mary Davis,Spain,F
1951,Thomas Williams,Australia,M
1952,Daniel Garcia,USA,M
1953,William Rodriguez,UK,M
1954,Jessica Smith,France,F
1955,Robert Jones,Germany,M
1956,John Garcia,India,M
1957,Linda Rodriguez,Canada,F
1958,Patricia Smith,UK,F
1959,Michael Garcia,USA,M
1960,John Garcia,France,M
1961,Joseph Garcia,UK,M
1962,Michael Jones,Brazil,M
1963,Karen Garcia,Brazil,F
1964,Michael Brown,France,M
1965,Joseph Brown,Spain,M
1966,William Miller,UK,M
1967,Mary Brown,USA,F
1968,Jennifer Rodriguez,France,F
1969,Jessica Johnson,Australia,F
1970,Karen Jones,UK,F
1971,David Smith,India,M
1972,Mary Smith,UK,F
1973,John Smith,Australia,M
1974,John Wilson,Canada,M
1975,Linda Smith,Italy,F
1976,John Miller,Australia,M
1977,Thomas Davis,Spain,M
1978,Joseph Miller,France,M
1979,Susan Wilson,Canada,F
1980,Patricia Johnson,USA,F
1981,Barbara Miller,Canada,F
1982,David Smith,Australia,M
1983,Barbara Johnson,France,F
1984,Jessica Wilson,Brazil,F
1985,Barbara Johnson,Spain,F
1986,Elizabeth Brown,Australia,F
1987,Charles Johnson,UK,M
1988,Patricia Johnson,Brazil,F
1989,Michael Williams,Germany,M
1990,Michael Williams,France,M
1991,Sarah Brown,UK,F
1992,Robert Brown,Brazil,M
1993,Jessica Wilson,Italy,F
1994,Jennifer Rodriguez,India,F
1995,James Williams,UK,M
1996,Daniel Rodriguez,Germany,M
1997,Susan Williams,Australia,F
1998,Mary Davis,Italy,F
1999,Elizabeth Rodriguez,India,F
2000,Susan Johnson,France,F
2001,Patricia Davis,Italy,F
2002,Mary Wilson,Brazil,F
2003,James Rodriguez,France,M
2004,Elizabeth Rodriguez,Spain,F
2005,Jessica Johnson,Spain,F
2006,Karen Davis,Spain,F
2007,David Miller,USA,M
2008,William Davis,USA,M
2009,Linda Miller,USA,F
2010,Charles Smith,Brazil,M
2011,James Smith,Germany,M
2012,John Davis,Canada,M
2013,Sarah Johnson,USA,F
2014,Daniel Wilson,USA,M
2015,Jennifer Williams,Australia,F
2016,James Wilson,Spain,M
2017,Joseph Garcia,UK,M
2018,Robert Brown,Italy,M
2019,Patricia Smith,India,F
2020,David Wilson,UK,M
2021,Karen Rodriguez,Germany,F
2022,Barbara Rodriguez,Canada,F
2023,Susan Garcia,India,F
2024,Daniel Johnson,Australia,M
2025,Daniel Williams,Spain,M
2026,Thomas Miller,USA,M
2027,Susan Miller,USA,F
2028,Karen Rodriguez,Germany,F
2029,Sarah Miller,Canada,F
2030,James Davis,Spain,M
2031,Patricia Miller,Italy,F
2032,James Davis,USA,M
2033,Robert Johnson,Germany,M
2034,Daniel Williams,Canada,M
2035,John Rodriguez,Brazil,M
2036,Elizabeth Johnson,USA,F
2037,David Wilson,Canada,M
2038,Robert Brown,Spain,M
2039,Thomas Wilson,UK,M
2040,Mary Garcia,Australia,F
2041,Patricia Smith,UK,F
2042,Jennifer Smith,India,F
2043,James Rodriguez,UK,M
2044,Joseph Williams,UK,M
2045,Michael Smith,Spain,M
2046,Jennifer Johnson,Brazil,F
2047,Barbara Rodriguez,France,F
2048,David Williams,UK,M
2049,Joseph Jones,Brazil,M
2050,Jessica Williams,UK,F
2051,David Smith,Italy,M
2052,Jennifer Johnson,Germany,F
2053,James Jones,USA,M
2054,Patricia Wilson,Germany,F
2055,James Jones,India,M
2056,David Garcia,Spain,M
2057,John Wilson,Italy,M
2058,Charles Garcia,Italy,M
2059,John Rodriguez,USA,M
2060,Barbara Garcia,Canada,F
2061,Elizabeth Smith,Spain,F
2062,Mary Davis,Italy,F
2063,William Wilson,France,M
2064,Robert Smith,Italy,M
2065,John Smith,Brazil,M
2066,Michael Rodriguez,Italy,M
2067,Karen Davis,Spain,F
2068,Jessica Smith,UK,F
2069,John Davis,Brazil,M
2070,Jennifer Rodriguez,UK,F
2071,Thomas Wilson,Australia,M
2072,Sarah Johnson,Spain,F
2073,Michael Wilson,Australia,M
2074,Michael Brown,UK,M
2075,Susan Brown,Canada,F
2076,Daniel Rodriguez,Spain,M
2077,Susan Rodriguez,Canada,F
2078,Sarah Davis,Germany,F
2079,Jessica Rodriguez,Italy,F
2080,John Davis,USA,M
2081,Joseph Smith,India,M
2082,Daniel Brown,India,M
2083,Charles Brown,Germany,M
2084,Charles Garcia,India,M
2085,Jessica Davis,India,F
2086,Jessica Garcia,Germany,F
2087,Susan Williams,Australia,F
2088,Linda Miller,India,F
2089,Daniel Brown,France,M
2090,Linda Miller,Spain,F
2091,David Garcia,Italy,M
2092,Susan Smith,Germany,F
2093,Michael Williams,Brazil,M
2094,Robert Johnson,Germany,M
2095,Sarah Wilson,UK,F
2096,John Williams,Australia,M
2097,John Davis,Germany,M
2098,Elizabeth Williams,Brazil,F
2099,John Brown,Australia,M
2100,William Miller,India,M
2101,William Rodriguez,Australia,M
2102,David Smith,Italy,M
2103,David Williams,Germany,M
2104,Charles Smith,USA,M
2105,David Miller,UK,M
2106,Susan Wilson,Spain,F
2107,Robert Rodriguez,USA,M
2108,Linda Johnson,Brazil,F
2109,Elizabeth Williams,Italy,F
2110,Karen Smith,France,F
2111,Robert Williams,France,M
2112,William Jones,Italy,M
2113,Susan Wilson,France,F
2114,Susan Garcia,India,F
2115,David Davis,USA,M
2116,John Williams,Spain,M
2117,David Davis,Spain,M
2118,Elizabeth Miller,India,F
2119,Robert Rodriguez,USA,M
2120,Robert Davis,Australia,M
2121,Michael Rodriguez,France,M
2122,Thomas Garcia,Australia,M
2123,Jennifer Rodriguez,France,F
2124,Robert Garcia,India,M
2125,Charles Jones,Australia,M
2126,Patricia Brown,France,F
2127,James Davis,Germany,M
2128,Charles Miller,UK,M
2129,Thomas Brown,USA,M
2130,Robert Johnson,Brazil,M
2131,David Miller,UK,M
2132,Barbara Davis,France,F
2133,Elizabeth Smith,Brazil,F
2134,Thomas Johnson,Spain,M
2135,Patricia Jones,Germany,F
2136,James Jones,UK,M
2137,Mary Miller,Australia,F
2138,James Davis,Italy,M
2139,David Garcia,India,M
2140,Thomas Smith,France,M
2141,Linda Smith,Canada,F
2142,Susan Johnson,Spain,F
2143,Barbara Rodriguez,Brazil,F
2144,David Brown,UK,M
2145,William Davis,Canada,M
2146,Elizabeth Williams,UK,F
2147,Patricia Miller,France,F
2148,James Miller,France,M
2149,Linda Rodriguez,USA,F
2150,Mary Davis,Australia,F
2151,Elizabeth Williams,France,F
2152,Jessica Miller,UK,F
2153,Patricia Williams,Italy,F
2154,Jessica Williams,India,F
2155,David Miller,Germany,M
2156,Linda Williams,USA,F
2157,Patricia Miller,Germany,F
2158,Sarah Williams,Australia,F
2159,William Miller,Spain,M
2160,Daniel Rodriguez,France,M
2161,Barbara Smith,Brazil,F
2162,Jessica Miller,Canada,F
2163,Sarah Williams,Canada,F
2164,John Johnson,USA,M
2165,Jessica Garcia,Germany,F
2166,Elizabeth Davis,UK,F
2167,Sarah Davis,UK,F
2168,Michael Brown,France,M
2169,John Jones,UK,M
2170,Patricia Wilson,Brazil,F
2171,Michael Miller,Brazil,M
2172,Thomas Smith,Australia,M
2173,Jennifer Garcia,USA,F
2174,Robert Williams,UK,M
2175,Patricia Williams,Germany,F
2176,Elizabeth Williams,France,F
2177,David Rodriguez,UK,M
2178,David Wilson,UK,M
2179,Susan Smith,France,F
2180,Patricia Davis,Canada,F
2181,William Wilson,France,M
2182,Sarah Wilson,Italy,F
2183,William Wilson,Germany,M
2184,Charles Smith,India,M
2185,Elizabeth Williams,France,F
2186,Linda Miller,Canada,F
2187,Daniel Miller,Italy,M
2188,Karen Davis,USA,F
2189,Jessica Wilson,Australia,F
2190,Patricia Johnson,Spain,F
2191,David Miller,Australia,M
2192,Elizabeth Wilson,Canada,F
2193,Susan Jones,Spain,F
2194,Jennifer Wilson,Brazil,F
2195,Mary Jones,UK,F
2196,Barbara Brown,USA,F
2197,David Brown,Germany,M
2198,David Williams,Australia,M
2199,Michael Brown,Italy,M
2200,Jennifer Miller,Germany,F
2201,Susan Davis,France,F
2202,Mary Jones,USA,F
2203,John Wilson,USA,M
2204,Linda Johnson,India,F
2205,Thomas Johnson,USA,M
2206,James Williams,Italy,M
2207,Sarah Miller,Italy,F
2208,Mary Smith,Germany,F
2209,Jessica Williams,India,F
2210,Susan Johnson,France,F
2211,Linda Jones,Germany,F
2212,Michael Johnson,UK,M
2213,Karen Smith,USA,F
2214,Jessica Davis,France,F
2215,Charles Johnson,UK,M
2216,Karen Brown,Germany,F
2217,Patricia Williams,India,F
2218,Barbara Davis,Germany,F
2219,Daniel Garcia,India,M
2220,Robert Johnson,Germany,M
2221,Susan Miller,Italy,F
2222,James Smith,Australia,M
2223,Robert Garcia,India,M
2224,Daniel Smith,Spain,M
2225,Charles Brown,UK,M
2226,Daniel Williams,India,M
2227,John Williams,Australia,M
2228,Sarah Williams,Spain,F
2229,Sarah Williams,Spain,F
2230,David Miller,India,M
2231,John Johnson,Canada,M
2232,Robert Wilson,Germany,M
2233,Sarah Jones,Australia,F
2234,James Rodriguez,Australia,M
2235,William Johnson,USA,M
2236,Patricia Johnson,Spain,F
2237,Sarah Wilson,Canada,F
2238,Susan Davis,USA,F
2239,Karen Brown,USA,F
2240,William Wilson,India,M
2241,David Smith,Italy,M
2242,Patricia Davis,Spain,F
2243,Jennifer Smith,USA,F
2244,David Smith,UK,M
2245,John Smith,Canada,M
2246,Thomas Miller,UK,M
2247,Michael Johnson,Germany,M
2248,Mary Williams,Italy,F
2249,Charles Johnson,USA,M
2250,John Rodriguez,Brazil,M
2251,Daniel Rodriguez,India,M
2252,David Garcia,France,M
2253,Elizabeth Williams,Brazil,F
2254,John Garcia,India,M
2255,Joseph Johnson,Canada,M
2256,Linda Brown,USA,F
2257,Robert Davis,India,M
2258,Robert Johnson,Australia,M
2259,James Rodriguez,UK,M
2260,Joseph Miller,Australia,M
2261,James Williams,USA,M
2262,John Williams,India,M
2263,Sarah Davis,India,F
2264,Barbara Garcia,Canada,F
2265,Robert Rodriguez,Italy,M
2266,Mary Smith,UK,F
2267,Elizabeth Wilson,USA,F
2268,William Jones,France,M
2269,Charles Rodriguez,India,M
2270,John Williams,France,M
2271,Karen Garcia,UK,F
2272,Patricia Wilson,Canada,F
2273,Karen Brown,Brazil,F
2274,Mary Jones,Canada,F
2275,Barbara Garcia,UK,F
2276,Michael Miller,Canada,M
2277,Charles Davis,UK,M
2278,Elizabeth Jones,France,F
2279,Michael Johnson,Spain,M
2280,Linda Jones,France,F
2281,Barbara Miller,India,F
2282,Jennifer Smith,France,F
2283,Barbara Garcia,USA,F
2284,Jennifer Miller,Canada,F
2285,Sarah Wilson,France,F
2286,Patricia Brown,Canada,F
2287,David Miller,Australia,M
2288,Mary Johnson,France,F
2289,Thomas Garcia,UK,M
2290,Charles Johnson,UK,M
2291,Susan Rodriguez,USA,F
2292,Barbara Jones,Australia,F
2293,Sarah Miller,Canada,F
2294,Joseph Miller,Canada,M
2295,James Brown,UK,M
2296,Barbara Williams,USA,F
2297,Charles Garcia,India,M
2298,Elizabeth Brown,Spain,F
2299,Barbara Williams,France,F
2300,David Jones,Canada,M
2301,William Williams,UK,M
2302,Daniel Johnson,Germany,M
2303,David Wilson,India,M
2304,James Johnson,India,M
2305,Elizabeth Johnson,UK,F
2306,Joseph Miller,Brazil,M
2307,Karen Wilson,Brazil,F
2308,Sarah Davis,Australia,F
2309,Sarah Garcia,Spain,F
2310,Barbara Miller,Germany,F
2311,Barbara Johnson,India,F
2312,Thomas Wilson,Australia,M
2313,Jessica Rodriguez,India,F
2314,Daniel Brown,Brazil,M
2315,Joseph Rodriguez,Spain,M
2316,Charles Miller,Brazil,M
2317,Sarah Rodriguez,Italy,F
2318,Sarah Rodriguez,UK,F
2319,Barbara Wilson,Spain,F
2320,Charles Brown,Australia,M
2321,Robert Johnson,Germany,M
2322,Barbara Jones,France,F
2323,Thomas Williams,Spain,M
2324,Thomas Garcia,Brazil,M
2325,William Rodriguez,USA,M
2326,Susan Johnson,Australia,F
2327,David Garcia,UK,M
2328,Mary Davis,France,F
2329,Linda Jones,Canada,F
2330,David Wilson,India,M
2331,Linda Jones,Italy,F
2332,James Wilson,Germany,M
2333,William Brown,Germany,M
2334,Jessica Davis,France,F
2335,Thomas Williams,India,M
2336,Linda Wilson,India,F
2337,Patricia Smith,Germany,F
2338,Joseph Miller,Germany,M
2339,John Wilson,Canada,M
2340,Joseph Williams,Germany,M
2341,Karen Garcia,UK,F
2342,Charles Smith,France,M
2343,Patricia Rodriguez,Germany,F
2344,Karen Rodriguez,France,F
2345,Karen Brown,UK,F
2346,Michael Wilson,USA,M
2347,Thomas Miller,Spain,M
2348,Thomas Brown,France,M
2349,Daniel Johnson,Germany,M
2350,James Garcia,Spain,M
2351,James Rodriguez,Brazil,M
2352,Karen Brown,Italy,F
2353,Patricia Garcia,Germany,F
2354,David Miller,UK,M
2355,Jessica Wilson,Spain,F
2356,Patricia Garcia,Spain,F
2357,Linda Wilson,Canada,F
2358,Daniel Wilson,Canada,M
2359,Susan Brown,Canada,F
2360,Charles Johnson,Brazil,M
2361,Joseph Johnson,Spain,M
2362,Sarah Garcia,Australia,F
2363,Charles Wilson,India,M
2364,Barbara Rodriguez,Spain,F
2365,Jessica Rodriguez,India,F
2366,Michael Williams,USA,M
2367,Jennifer Brown,Italy,F
2368,Linda Johnson,Spain,F
2369,Jennifer Jones,USA,F
2370,Michael Garcia,UK,M
2371,David Miller,Italy,M
2372,Robert Johnson,Brazil,M
2373,John Davis,Brazil,M
2374,Robert Davis,France,M
2375,Mary Miller,Australia,F
2376,William Johnson,India,M
2377,Sarah Davis,UK,F
2378,Charles Wilson,Germany,M
2379,Linda Garcia,USA,F
2380,Susan Garcia,Spain,F
2381,Susan Smith,UK,F
2382,Mary Wilson,Italy,F
2383,Elizabeth Johnson,Brazil,F
2384,Linda Williams,USA,F
2385,John Johnson,France,M
2386,Mary Wilson,Italy,F
2387,Michael Davis,France,M
2388,Charles Davis,UK,M
2389,Jennifer Rodriguez,Germany,F
2390,James Smith,France,M
2391,Mary Wilson,Germany,F
2392,Karen Williams,Brazil,F
2393,Sarah Smith,India,F
2394,Mary Smith,USA,F
2395,John Rodriguez,Germany,M
2396,Jessica Smith,Spain,F
2397,Jennifer Davis,Canada,F
2398,David Davis,France,M
2399,Karen Smith,Brazil,F
2400,Patricia Williams,Germany,F
2401,David Johnson,Italy,M
2402,Barbara Wilson,Canada,F
2403,Susan Garcia,Spain,F
2404,Jessica Brown,UK,F
2405,Charles Jones,Brazil,M
2406,Joseph Miller,Brazil,M
2407,Elizabeth Davis,Australia,F
2408,Elizabeth Davis,Italy,F
2409,Joseph Smith,Brazil,M
2410,Charles Williams,India,M
2411,Barbara Garcia,Australia,F
2412,Barbara Brown,Spain,F
2413,Mary Davis,Italy,F
2414,James Garcia,Canada,M
2415,Thomas Miller,Germany,M
2416,Susan Garcia,UK,F
2417,James Garcia,Australia,M
2418,Elizabeth Johnson,Spain,F
2419,Robert Miller,Germany,M
2420,Robert Brown,USA,M
2421,Joseph Miller,Germany,M
2422,Sarah Williams,Brazil,F
2423,Patricia Garcia,India,F
2424,David Smith,Australia,M
2425,John Jones,India,M
2426,Barbara Rodriguez,Germany,F
2427,Joseph Miller,Brazil,M
2428,John Miller,Canada,M
2429,Mary Jones,Spain,F
2430,William Wilson,France,M
2431,Robert Garcia,UK,M
2432,Daniel Rodriguez,Italy,M
2433,David Davis,India,M
2434,Joseph Jones,France,M
2435,James Wilson,Spain,M
2436,Thomas Rodriguez,Canada,M
2437,Patricia Jones,Germany,F
2438,James Davis,Brazil,M
2439,William Smith,India,M
2440,Elizabeth Williams,Brazil,F
2441,Jessica Wilson,Brazil,F
2442,Susan Davis,Brazil,F
2443,Barbara Miller,Italy,F
2444,David Wilson,USA,M
2445,Karen Smith,UK,F
2446,William Johnson,Brazil,M
2447,Charles Smith,Canada,M
2448,Joseph Johnson,France,M
2449,Charles Jones,Brazil,M
2450,Daniel Miller,Spain,M
2451,Susan Davis,USA,F
2452,Joseph Wilson,Canada,M
2453,John Davis,Spain,M
2454,Barbara Garcia,France,F
2455,Jessica Wilson,USA,F
2456,Barbara Brown,Spain,F
2457,Linda Smith,USA,F
2458,David Rodriguez,Brazil,M
2459,David Garcia,USA,M
2460,Daniel Jones,India,M
2461,David Brown,France,M
2462,Daniel Miller,Italy,M
2463,Daniel Williams,UK,M
2464,Susan Rodriguez,Australia,F
2465,Jessica Miller,France,F
2466,Barbara Brown,France,F
2467,Linda Davis,Spain,F
2468,Patricia Rodriguez,Spain,F
2469,Mary Rodriguez,Italy,F
2470,Mary Smith,USA,F
2471,Charles Davis,USA,M
2472,John Jones,Brazil,M
2473,Jennifer Smith,Spain,F
2474,Linda Wilson,India,F
2475,Thomas Wilson,USA,M
2476,David Rodriguez,India,M
2477,John Jones,Canada,M
2478,Michael Garcia,France,M
2479,Mary Johnson,Australia,F
2480,Joseph Garcia,Spain,M
2481,Sarah Williams,Germany,F
2482,Barbara Davis,USA,F
2483,Thomas Rodriguez,India,M
2484,Jennifer Garcia,Spain,F
2485,Thomas Garcia,France,M
2486,Charles Miller,India,M
2487,Joseph Johnson,Australia,M
2488,David Johnson,Brazil,M
2489,David Garcia,Canada,M
2490,Linda Wilson,Australia,F
2491,Jennifer Rodriguez,Germany,F
2492,John Brown,Brazil,M
2493,Linda Brown,France,F
2494,Joseph Garcia,Spain,M
2495,Patricia Johnson,Australia,F
2496,Linda Jones,India,F
2497,Daniel Brown,Brazil,M
2498,Robert Johnson,France,M
2499,Robert Jones,Brazil,M
2500,Susan Wilson,Australia,F
2501,Patricia Davis,USA,F
2502,Susan Jones,Germany,F
2503,Patricia Garcia,Italy,F
2504,Joseph Wilson,Germany,M
2505,Charles Williams,France,M
2506,Michael Rodriguez,Germany,M
2507,Robert Johnson,India,M
2508,Charles Davis,Brazil,M
2509,Robert Garcia,Italy,M
2510,Thomas Wilson,Canada,M
2511,Jessica Williams,Spain,F
2512,Thomas Rodriguez,Brazil,M
2513,James Brown,Brazil,M
2514,Thomas Williams,Canada,M
2515,Susan Wilson,Canada,F
2516,Daniel Garcia,Germany,M
2517,Charles Rodriguez,Italy,M
2518,Daniel Jones,Italy,M
2519,Jessica Brown,USA,F
2520,Susan Smith,India,F
2521,Charles Smith,France,M
2522,Mary Smith,Germany,F
2523,Daniel Johnson,Spain,M
2524,Jessica Brown,Italy,F
2525,Mary Wilson,Spain,F
2526,Charles Brown,Spain,M
2527,David Jones,USA,M
2528,Jennifer Davis,Brazil,F
2529,Karen Smith,Canada,F
2530,Michael Wilson,Germany,M
2531,Karen Garcia,France,F
2532,Charles Rodriguez,Spain,M
2533,Patricia Williams,Australia,F
2534,Daniel Smith,Brazil,M
2535,Linda Smith,Brazil,F
2536,Joseph Williams,Italy,M
2537,William Williams,Germany,M
2538,Jessica Smith,Italy,F
2539,Jessica Smith,Italy,F
2540,Mary Garcia,Canada,F
2541,Sarah Wilson,Germany,F
2542,Patricia Brown,Canada,F
2543,Karen Rodriguez,Spain,F
2544,Charles Smith,India,M
2545,Linda Williams,Canada,F
2546,David Miller,Italy,M
2547,William Johnson,UK,M
2548,Jessica Miller,Italy,F
2549,Barbara Rodriguez,France,F
2550,Patricia Garcia,Germany,F
2551,Robert Davis,Brazil,M
2552,Susan Rodriguez,Germany,F
2553,Jessica Davis,Canada,F
2554,Barbara Jones,Spain,F
2555,Karen Jones,UK,F
2556,Susan Johnson,Canada,F
2557,Patricia Miller,Brazil,F
2558,James Rodriguez,Australia,M
2559,Daniel Williams,Italy,M
2560,Jessica Johnson,Italy,F
2561,Karen Brown,Canada,F
2562,Joseph Wilson,USA,M
2563,Jessica Miller,Canada,F
2564,Michael Miller,India,M
2565,Barbara Garcia,Brazil,F
2566,William Davis,India,M
2567,Mary Williams,Brazil,F
2568,Susan Williams,USA,F
2569,John Davis,India,M
2570,Sarah Brown,Australia,F
2571,Mary Jones,Spain,F
2572,Daniel Williams,Spain,M
2573,James Miller,USA,M
2574,Linda Jones,Brazil,F
2575,John Garcia,India,M
2576,William Miller,Germany,M
2577,Robert Davis,USA,M
2578,Linda Miller,Spain,F
2579,Thomas Wilson,USA,M
2580,Karen Garcia,Australia,F
2581,John Brown,Germany,M
2582,Robert Johnson,USA,M
2583,Susan Jones,Germany,F
2584,John Rodriguez,France,M
2585,Charles Rodriguez,Canada,M
2586,Barbara Rodriguez,Spain,F
2587,Jessica Brown,Canada,F
2588,John Davis,Spain,M
2589,Karen Johnson,USA,F
2590,Mary Johnson,France,F
2591,Jennifer Rodriguez,France,F
2592,Joseph Wilson,Brazil,M
2593,Robert Johnson,Brazil,M
2594,Mary Jones,Australia,F
2595,William Williams,Spain,M
2596,David Davis,Italy,M
2597,Sarah Brown,USA,F
2598,David Wilson,Italy,M
2599,William Jones,India,M
2600,Thomas Smith,Spain,M
2601,Daniel Johnson,UK,M
2602,Elizabeth Rodriguez,Spain,F
2603,Karen Johnson,Australia,F
2604,Susan Smith,UK,F
2605,Susan Williams,Australia,F
2606,Mary Wilson,Canada,F
2607,Linda Miller,Spain,F
2608,Karen Davis,UK,F
2609,Charles Wilson,Germany,M
2610,Patricia Johnson,France,F
2611,David Brown,UK,M
2612,Robert Wilson,India,M
2613,Sarah Davis,USA,F
2614,Elizabeth Garcia,USA,F
2615,Mary Davis,India,F
2616,Robert Davis,France,M
2617,James Smith,Germany,M
2618,Mary Johnson,Australia,F
2619,Barbara Rodriguez,Germany,F
2620,Robert Garcia,Brazil,M
2621,Mary Johnson,France,F
2622,James Davis,India,M
2623,Sarah Smith,USA,F
2624,Jessica Rodriguez,Germany,F
2625,Robert Williams,USA,M
2626,Barbara Miller,Germany,F
2627,Sarah Williams,Germany,F
2628,Robert Miller,Canada,M
2629,Mary Davis,UK,F
2630,Mary Johnson,Brazil,F
2631,Linda Miller,Australia,F
2632,Robert Jones,Germany,M
2633,Charles Brown,Brazil,M
2634,Elizabeth Johnson,Spain,F
2635,Joseph Wilson,UK,M
2636,Barbara Wilson,Spain,F
2637,Jessica Johnson,France,F
2638,Robert Rodriguez,Italy,M
2639,Robert Davis,Brazil,M
2640,Daniel Brown,UK,M
2641,Barbara Williams,Canada,F
2642,James Rodriguez,Australia,M
2643,Michael Davis,Spain,M
2644,Charles Brown,Italy,M
2645,Linda Davis,Italy,F
2646,Charles Johnson,India,M
2647,Daniel Brown,UK,M
2648,Jennifer Miller,Spain,F
2649,James Miller,Spain,M
2650,Michael Davis,Canada,M
2651,David Williams,Brazil,M
2652,Linda Miller,USA,F
2653,Jennifer Miller,Brazil,F
2654,Mary Brown,India,F
2655,Karen Davis,USA,F
2656,Daniel Garcia,Canada,M
2657,James Garcia,France,M
2658,Thomas Wilson,Australia,M
2659,William Johnson,Australia,M
2660,Joseph Smith,India,M
2661,Jennifer Brown,France,F
2662,Jennifer Davis,Brazil,F
2663,Charles Miller,Spain,M
2664,Robert Brown,Australia,M
2665,Jessica Brown,Spain,F
2666,William Smith,Germany,M
2667,David Davis,Canada,M
2668,Jessica Garcia,France,F
2669,William Miller,India,M
2670,Jessica Garcia,Germany,F
2671,Elizabeth Wilson,Brazil,F
2672,Mary Davis,Australia,F
2673,Jennifer Rodriguez,USA,F
2674,John Jones,UK,M
2675,Charles Rodriguez,Canada,M
2676,James Rodriguez,Italy,M
2677,Thomas Rodriguez,Australia,M
2678,Barbara Davis,Germany,F
2679,Joseph Davis,France,M
2680,David Brown,India,M
2681,David Smith,Canada,M
2682,Patricia Smith,Italy,F
2683,Elizabeth Jones,Canada,F
2684,Jennifer Miller,UK,F
2685,Mary Brown,Australia,F
2686,Elizabeth Wilson,India,F
2687,Mary Miller,France,F
2688,Daniel Wilson,Canada,M
2689,Susan Wilson,Spain,F
2690,Daniel Johnson,India,M
2691,Sarah Jones,Australia,F
2692,Michael Johnson,UK,M
2693,John Williams,Spain,M
2694,Patricia Davis,UK,F
2695,Joseph Johnson,USA,M
2696,Robert Johnson,Germany,M
2697,Daniel Brown,Brazil,M
2698,James Garcia,UK,M
2699,Karen Brown,UK,F
2700,Sarah Miller,Brazil,F
2701,Linda Jones,Brazil,F
2702,Patricia Johnson,USA,F
2703,Charles Johnson,UK,M
2704,Elizabeth Miller,Italy,F
2705,William Johnson,India,M
2706,Thomas Smith,Italy,M
2707,Karen Johnson,Germany,F
2708,Sarah Rodriguez,UK,F
2709,Karen Wilson,Australia,F
2710,Sarah Williams,France,F
2711,Susan Davis,USA,F
2712,John Wilson,Italy,M
2713,James Wilson,Brazil,M
2714,Robert Brown,Spain,M
2715,Mary Johnson,Germany,F
2716,William Brown,UK,M
2717,Jennifer Smith,USA,F
2718,Michael Brown,Germany,M
2719,James Davis,Germany,M
2720,Patricia Johnson,Canada,F
2721,David Davis,Spain,M
2722,Michael Williams,UK,M
2723,Barbara Garcia,Canada,F
2724,Linda Davis,India,F
2725,Charles Jones,UK,M
2726,James Williams,Spain,M
2727,James Wilson,Italy,M
2728,Robert Wilson,Australia,M
2729,Charles Garcia,Spain,M
2730,Jennifer Rodriguez,Italy,F
2731,Susan Johnson,Australia,F
2732,Thomas Brown,USA,M
2733,William Rodriguez,UK,M
2734,Barbara Jones,Brazil,F
2735,Sarah Rodriguez,UK,F
2736,Michael Williams,Italy,M
2737,Daniel Miller,Brazil,M
2738,Linda Garcia,UK,F
2739,Linda Johnson,Spain,F
2740,Karen Brown,USA,F
2741,John Garcia,Spain,M
2742,Susan Miller,Spain,F
2743,James Rodriguez,Germany,M
2744,Robert Johnson,India,M
2745,Elizabeth Davis,Spain,F
2746,William Brown,USA,M
2747,Mary Garcia,France,F
2748,Jennifer Garcia,Italy,F
2749,Robert Brown,India,M
2750,Robert Williams,Australia,M
2751,Elizabeth Wilson,Canada,F
2752,Daniel Jones,Germany,M
2753,Mary Rodriguez,Italy,F
2754,Jennifer Rodriguez,USA,F
2755,Daniel Smith,Spain,M
2756,Susan Wilson,India,F
2757,Michael Johnson,Australia,M
2758,Michael Davis,UK,M
2759,Thomas Wilson,Italy,M
2760,Michael Smith,Brazil,M
2761,Susan Davis,Spain,F
2762,Thomas Davis,India,M
2763,Joseph Brown,USA,M
2764,Elizabeth Johnson,Spain,F
2765,Jennifer Brown,India,F
2766,David Williams,Italy,M
2767,Joseph Johnson,UK,M
2768,Thomas Williams,Italy,M
2769,William Miller,Canada,M
2770,Karen Brown,India,F
2771,William Davis,Australia,M
2772,Sarah Garcia,Brazil,F
2773,Thomas Wilson,UK,M
2774,Jennifer Rodriguez,Canada,F
2775,Barbara Garcia,USA,F
2776,Barbara Johnson,Brazil,F
2777,Mary Smith,India,F
2778,James Rodriguez,France,M
2779,Michael Wilson,USA,M
2780,Elizabeth Smith,India,F
2781,Mary Brown,Spain,F
2782,Jennifer Wilson,Canada,F
2783,Daniel Davis,Australia,M
2784,Thomas Rodriguez,Canada,M
2785,Jennifer Rodriguez,Canada,F
2786,Charles Garcia,USA,M
2787,Sarah Brown,India,F
2788,Thomas Smith,India,M
2789,Michael Garcia,Canada,M
2790,Jessica Smith,Spain,F
2791,Thomas Brown,Germany,M
2792,William Rodriguez,Canada,M
2793,James Williams,UK,M
2794,James Brown,India,M
2795,William Williams,Spain,M
2796,Michael Davis,France,M
2797,Daniel Johnson,Italy,M
2798,Sarah Johnson,India,F
2799,Jessica Johnson,India,F
2800,Michael Miller,UK,M
2801,William Miller,Australia,M
2802,Jessica Wilson,UK,F
2803,Sarah Miller,Brazil,F
2804,Jennifer Rodriguez,Brazil,F
2805,Linda Jones,USA,F
2806,Charles Jones,Italy,M
2807,Elizabeth Johnson,Canada,F
2808,David Miller,UK,M
2809,Barbara Miller,Spain,F
2810,John Davis,Italy,M
2811,William Miller,Brazil,M
2812,Sarah Davis,Brazil,F
2813,Charles Williams,Italy,M
2814,Mary Smith,India,F
2815,Daniel Jones,UK,M
2816,David Rodriguez,Germany,M
2817,Thomas Williams,Germany,M
2818,Mary Brown,France,F
2819,William Smith,India,M
2820,Mary Williams,France,F
2821,William Miller,France,M
2822,Charles Brown,UK,M
2823,William Jones,Italy,M
2824,David Williams,India,M
2825,Barbara Johnson,Germany,F
2826,Jessica Smith,France,F
2827,Jennifer Williams,Germany,F
2828,William Brown,Brazil,M
2829,Joseph Miller,UK,M
2830,Joseph Brown,Australia,M
2831,Karen Miller,USA,F
2832,William Williams,UK,M
2833,Linda Brown,Australia,F
2834,David Wilson,France,M
2835,Charles Rodriguez,India,M
2836,Jennifer Smith,Canada,F
2837,Robert Wilson,UK,M
2838,Mary Williams,Germany,F
2839,Jennifer Brown,Italy,F
2840,Karen Brown,Italy,F
2841,Karen Jones,Spain,F
2842,John Smith,USA,M
2843,Daniel Garcia,France,M
2844,David Brown,UK,M
2845,Linda Wilson,Germany,F
2846,Karen Johnson,India,F
2847,Susan Rodriguez,Spain,F
2848,James Rodriguez,Germany,M
2849,Karen Rodriguez,India,F
2850,John Smith,Canada,M
2851,William Miller,Italy,M
2852,Jessica Garcia,Spain,F
2853,Barbara Miller,Italy,F
2854,Robert Smith,Canada,M
2855,Linda Williams,Canada,F
2856,Michael Brown,Australia,M
2857,Jennifer Davis,UK,F
2858,Linda Rodriguez,Canada,F
2859,Jennifer Davis,Italy,F
2860,Karen Wilson,USA,F
2861,Mary Miller,Italy,F
2862,William Smith,Australia,M
2863,David Williams,Australia,M
2864,Mary Davis,Australia,F
2865,David Wilson,Italy,M
2866,Jessica Miller,India,F
2867,Susan Wilson,Germany,F
2868,Jennifer Williams,Italy,F
2869,James Davis,India,M
2870,James Davis,Canada,M
2871,Jennifer Wilson,Germany,F
2872,Elizabeth Johnson,Brazil,F
2873,Daniel Miller,Germany,M
2874,Joseph Smith,Australia,M
2875,Mary Brown,Brazil,F
2876,John Miller,Brazil,M
2877,John Rodriguez,Italy,M
2878,Michael Davis,Spain,M
2879,Linda Garcia,USA,F
2880,William Johnson,Germany,M
2881,John Johnson,France,M
2882,John Jones,Canada,M
2883,Mary Jones,Australia,F
2884,Michael Johnson,Spain,M
2885,Linda Williams,Italy,F
2886,Mary Miller,UK,F
2887,Elizabeth Davis,Italy,F
2888,John Smith,Australia,M
2889,Jessica Rodriguez,Australia,F
2890,Linda Miller,USA,F
2891,Robert Jones,France,M
2892,Robert Rodriguez,Brazil,M
2893,Daniel Williams,Italy,M
2894,Mary Miller,Spain,F
2895,Mary Garcia,Spain,F
2896,William Smith,UK,M
2897,Michael Williams,UK,M
2898,Linda Brown,UK,F
2899,Jennifer Williams,Italy,F
2900,Karen Wilson,Italy,F
2901,James Rodriguez,Canada,M
2902,Patricia Davis,Australia,F
2903,David Williams,France,M
2904,Michael Smith,Italy,M
2905,Patricia Garcia,USA,F
2906,William Williams,India,M
2907,William Williams,Brazil,M
2908,James Rodriguez,Spain,M
2909,Mary Davis,India,F
2910,Karen Williams,Italy,F
2911,Barbara Rodriguez,Australia,F
2912,John Smith,UK,M
2913,Joseph Johnson,UK,M
2914,Thomas Wilson,Australia,M
2915,Thomas Jones,Canada,M
2916,Jessica Jones,France,F
2917,Patricia Williams,UK,F
2918,Mary Davis,Canada,F
2919,Patricia Wilson,Germany,F
2920,Mary Jones,India,F
2921,Karen Rodriguez,Brazil,F
2922,Karen Smith,Brazil,F
2923,Charles Jones,France,M
2924,Linda Garcia,Canada,F
2925,Daniel Brown,Brazil,M
2926,Elizabeth Miller,Spain,F
2927,Daniel Brown,France,M
2928,Elizabeth Johnson,UK,F
2929,Patricia Wilson,India,F
2930,William Brown,Italy,M
2931,Sarah Jones,Spain,F
2932,John Brown,Brazil,M
2933,Karen Johnson,Canada,F
2934,Elizabeth Smith,USA,F
2935,David Brown,UK,M
2936,Joseph Smith,Australia,M
2937,Patricia Garcia,Australia,F
2938,Sarah Brown,Brazil,F
2939,Barbara Smith,UK,F
2940,Robert Smith,Germany,M
2941,Patricia Wilson,Australia,F
2942,Patricia Garcia,Canada,F
2943,Karen Miller,Italy,F
2944,William Miller,Spain,M
2945,Susan Williams,UK,F
2946,John Wilson,USA,M
2947,Jennifer Williams,India,F
2948,Daniel Williams,Brazil,M
2949,Jennifer Johnson,Italy,F
2950,Barbara Miller,Germany,F
2951,Thomas Miller,Canada,M
2952,Jessica Jones,India,F
2953,Patricia Garcia,UK,F
2954,Charles Jones,India,M
2955,Joseph Miller,Spain,M
2956,Barbara Williams,India,F
2957,John Brown,Brazil,M
2958,John Jones,France,M
2959,Michael Davis,Brazil,M
2960,Jessica Wilson,Germany,F
2961,Linda Miller,Spain,F
2962,Daniel Miller,France,M
2963,Mary Davis,Germany,F
2964,Susan Wilson,India,F
2965,Mary Jones,Italy,F
2966,Elizabeth Brown,USA,F
2967,Barbara Miller,France,F
2968,David Garcia,Germany,M
2969,John Garcia,USA,M
2970,Barbara Davis,Germany,F
2971,Barbara Garcia,France,F
2972,Michael Wilson,Canada,M
2973,Barbara Smith,Canada,F
2974,Daniel Garcia,France,M
2975,William Davis,France,M
2976,David Davis,Italy,M
2977,Joseph Smith,Australia,M
2978,Jennifer Smith,Australia,F
2979,Susan Smith,Germany,F
2980,Karen Jones,USA,F
2981,Thomas Jones,Italy,M
2982,Patricia Jones,Canada,F
2983,Charles Miller,Germany,M
2984,Jennifer Brown,USA,F
2985,Daniel Johnson,Germany,M
2986,Joseph Davis,France,M
2987,Susan Smith,Italy,F
2988,Joseph Miller,USA,M
2989,Joseph Johnson,Germany,M
2990,Thomas Rodriguez,Brazil,M
2991,Barbara Rodriguez,Spain,F
2992,Elizabeth Garcia,Germany,F
2993,Patricia Davis,Canada,F
2994,Daniel Brown,India,M
2995,Jennifer Davis,India,F
2996,Charles Williams,Spain,M
2997,James Davis,India,M
2998,Barbara Garcia,Brazil,F
2999,Jessica Rodriguez,Canada,F
3000,Linda Miller,Brazil,F
3001,Charles Rodriguez,India,M
3002,Joseph Williams,France,M
3003,William Johnson,USA,M
3004,Linda Brown,Germany,F
3005,Susan Johnson,Italy,F
3006,Elizabeth Miller,Spain,F
3007,Karen Jones,Australia,F
3008,Barbara Garcia,Spain,F
3009,Robert Rodriguez,Spain,M
3010,Michael Smith,Spain,M
3011,Thomas Williams,India,M
3012,Patricia Jones,France,F
3013,Thomas Davis,Brazil,M
3014,Joseph Johnson,Brazil,M
3015,Barbara Johnson,Germany,F
3016,Linda Garcia,Brazil,F
3017,William Garcia,USA,M
3018,Linda Johnson,Italy,F
3019,Joseph Johnson,Spain,M
3020,Jennifer Miller,Canada,F
3021,Thomas Garcia,Australia,M
3022,Joseph Jones,Germany,M
3023,John Smith,Spain,M
3024,Michael Brown,France,M
3025,Patricia Brown,Germany,F
3026,Sarah Miller,UK,F
3027,Mary Johnson,Spain,F
3028,Mary Williams,Canada,F
3029,William Garcia,USA,M
3030,Susan Davis,Australia,F
3031,Robert Garcia,Canada,M
3032,Jennifer Davis,Italy,F
3033,James Wilson,Germany,M
3034,William Garcia,UK,M
3035,Robert Miller,Australia,M
3036,Robert Rodriguez,Germany,M
3037,Daniel Davis,Brazil,M
3038,Robert Johnson,Australia,M
3039,Barbara Davis,Australia,F
3040,Elizabeth Garcia,France,F
3041,Elizabeth Rodriguez,Italy,F
3042,Susan Wilson,Canada,F
3043,David Williams,USA,M
3044,Linda Smith,Canada,F
3045,John Garcia,Germany,M
3046,Sarah Smith,USA,F
3047,Susan Rodriguez,Italy,F
3048,Charles Brown,Spain,M
3049,Elizabeth Rodriguez,USA,F
3050,William Smith,Spain,M
3051,William Smith,Brazil,M
3052,Jessica Wilson,Canada,F
3053,Daniel Garcia,India,M
3054,Barbara Johnson,UK,F
3055,Jennifer Brown,Italy,F
3056,Barbara Davis,USA,F
3057,Karen Garcia,France,F
3058,Mary Williams,India,F
3059,Jennifer Davis,Spain,F
3060,Joseph Rodriguez,Canada,M
3061,John Garcia,Australia,M
3062,Jessica Garcia,Brazil,F
3063,Jennifer Williams,UK,F
3064,Barbara Rodriguez,India,F
3065,Thomas Jones,Canada,M
3066,Robert Miller,Brazil,M
3067,William Davis,France,M
3068,Daniel Johnson,UK,M
3069,Sarah Smith,India,F
3070,Michael Rodriguez,France,M
3071,Mary Johnson,France,F
3072,David Garcia,Canada,M
3073,Sarah Garcia,France,F
3074,Linda Smith,USA,F
3075,John Brown,Brazil,M
3076,Linda Brown,India,F
3077,Patricia Jones,Spain,F
3078,Michael Williams,Spain,M
3079,Michael Smith,Australia,M
3080,Karen Miller,Canada,F
3081,Sarah Smith,Italy,F
3082,Barbara Williams,France,F
3083,Robert Johnson,Italy,M
3084,William Johnson,Germany,M
3085,Thomas Johnson,Spain,M
3086,Susan Jones,Canada,F
3087,Sarah Miller,Germany,F
3088,Jessica Wilson,Brazil,F
3089,Michael Davis,Germany,M
3090,Daniel Rodriguez,Germany,M
3091,Barbara Davis,Australia,F
3092,Daniel Garcia,Brazil,M
3093,Jennifer Garcia,Canada,F
3094,Karen Rodriguez,Italy,F
3095,Karen Smith,India,F
3096,John Garcia,Australia,M
3097,Jessica Davis,USA,F
3098,Thomas Garcia,Germany,M
3099,John Rodriguez,Germany,M
3100,Joseph Davis,Australia,M
3101,Michael Miller,France,M
3102,Barbara Johnson,Spain,F
3103,Jennifer Miller,Canada,F
3104,Michael Smith,Spain,M
3105,Mary Rodriguez,India,F
3106,Elizabeth Smith,Canada,F
3107,James Johnson,Canada,M
3108,Jennifer Garcia,France,F
3109,Patricia Wilson,France,F
3110,Patricia Miller,USA,F
3111,David Davis,Brazil,M
3112,Jennifer Williams,UK,F
3113,Thomas Brown,Italy,M
3114,William Davis,Brazil,M
3115,John Williams,Germany,M
3116,Barbara Davis,Germany,F
3117,Linda Garcia,UK,F
3118,Patricia Davis,France,F
3119,Thomas Miller,Spain,M
3120,Barbara Williams,India,F
3121,Barbara Smith,Brazil,F
3122,Susan Williams,UK,F
3123,Michael Rodriguez,UK,M
3124,Charles Wilson,India,M
3125,Mary Wilson,Italy,F
3126,Jessica Davis,Brazil,F
3127,William Williams,USA,M
3128,Elizabeth Rodriguez,Italy,F
3129,Michael Brown,Spain,M
3130,Michael Rodriguez,Germany,M
3131,Karen Davis,USA,F
3132,Barbara Brown,France,F
3133,Sarah Garcia,Italy,F
3134,John Miller,Canada,M
3135,John Davis,India,M
3136,Joseph Garcia,UK,M
3137,Joseph Smith,Italy,M
3138,Joseph Smith,USA,M
3139,Jessica Smith,Australia,F
3140,Michael Miller,France,M
3141,Mary Rodriguez,USA,F
3142,James Rodriguez,USA,M
3143,Charles Smith,France,M
3144,Elizabeth Miller,Canada,F
3145,Thomas Jones,Canada,M
3146,Patricia Rodriguez,Brazil,F
3147,David Williams,Brazil,M
3148,James Johnson,Canada,M
3149,Michael Brown,France,M
3150,Michael Smith,UK,M
3151,Susan Brown,Spain,F
3152,Linda Jones,Germany,F
3153,John Smith,Brazil,M
3154,John Rodriguez,Brazil,M
3155,Charles Brown,USA,M
3156,Sarah Jones,UK,F
3157,Elizabeth Miller,Spain,F
3158,Patricia Jones,India,F
3159,James Davis,Spain,M
3160,Barbara Johnson,Canada,F
3161,Joseph Jones,Australia,M
3162,Michael Miller,USA,M
3163,Robert Brown,UK,M
3164,Jessica Davis,Germany,F
3165,Sarah Jones,Australia,F
3166,Robert Williams,Brazil,M
3167,Susan Brown,USA,F
3168,Linda Miller,UK,F
3169,James Wilson,France,M
3170,Patricia Johnson,Brazil,F
3171,Linda Rodriguez,Canada,F
3172,Patricia Wilson,Spain,F
3173,Susan Brown,USA,F
3174,Karen Brown,USA,F
3175,Karen Miller,Brazil,F
3176,Jessica Jones,UK,F
3177,David Johnson,Germany,M
3178,Michael Rodriguez,Brazil,M
3179,Jessica Johnson,Germany,F
3180,Barbara Williams,Canada,F
3181,William Rodriguez,UK,M
3182,Sarah Wilson,Italy,F
3183,Barbara Brown,USA,F
3184,Joseph Jones,UK,M
3185,William Rodriguez,Spain,M
3186,Jennifer Williams,Spain,F
3187,Susan Johnson,India,F
3188,Daniel Davis,Canada,M
3189,Charles Jones,Italy,M
3190,Robert Williams,India,M
3191,Charles Davis,Germany,M
3192,Daniel Johnson,USA,M
3193,John Jones,Australia,M
3194,Karen Williams,USA,F
3195,Karen Jones,Germany,F
3196,Karen Jones,Brazil,F
3197,Elizabeth Rodriguez,France,F
3198,John Garcia,Canada,M
3199,John Davis,UK,M
3200,Linda Smith,Australia,F
3201,Patricia Smith,Australia,F
3202,David Rodriguez,UK,M
3203,Thomas Miller,UK,M
3204,Linda Davis,Australia,F
3205,Robert Davis,Brazil,M
3206,David Jones,Canada,M
3207,Thomas Rodriguez,Canada,M
3208,Linda Rodriguez,Australia,F
3209,Mary Miller,Germany,F
3210,James Jones,Germany,M
3211,Joseph Garcia,Germany,M
3212,Susan Johnson,Spain,F
3213,Joseph Davis,Canada,M
3214,James Williams,Brazil,M
3215,Susan Jones,Canada,F
3216,James Wilson,USA,M
3217,Mary Rodriguez,Italy,F
3218,William Smith,Spain,M
3219,Patricia Williams,USA,F
3220,Jessica Jones,Germany,F
3221,Daniel Smith,India,M
3222,Elizabeth Johnson,Italy,F
3223,Joseph Wilson,Canada,M
3224,Robert Wilson,Italy,M
3225,Mary Jones,Germany,F
3226,Sarah Williams,UK,F
3227,Karen Garcia,Brazil,F
3228,James Williams,India,M
3229,Jennifer Johnson,Spain,F
3230,William Smith,India,M
3231,Jessica Miller,Canada,F
3232,Elizabeth Davis,India,F
3233,Jessica Williams,Canada,F
3234,Elizabeth Rodriguez,USA,F
3235,Linda Smith,USA,F
3236,Elizabeth Smith,USA,F
3237,David Davis,USA,M
3238,Patricia Johnson,Italy,F
3239,Joseph Jones,Spain,M
3240,Michael Miller,Australia,M
3241,Karen Garcia,Canada,F
3242,Michael Smith,Italy,M
3243,Susan Rodriguez,Australia,F
3244,Elizabeth Wilson,USA,F
3245,Susan Jones,Canada,F
3246,Karen Miller,UK,F
3247,Sarah Brown,Canada,F
3248,Mary Miller,UK,F
3249,Michael Wilson,Germany,M
3250,Sarah Williams,Italy,F
3251,Joseph Garcia,Brazil,M
3252,William Wilson,Canada,M
3253,Linda Jones,Canada,F
3254,Michael Davis,USA,M
3255,Daniel Rodriguez,Australia,M
3256,Susan Rodriguez,UK,F
3257,William Wilson,Brazil,M
3258,John Wilson,Canada,M
3259,James Rodriguez,Spain,M
3260,John Brown,Spain,M
3261,Mary Smith,India,F
3262,James Smith,France,M
3263,Michael Brown,Germany,M
3264,Karen Smith,Australia,F
3265,Daniel Rodriguez,Canada,M
3266,Sarah Miller,Italy,F
3267,Joseph Rodriguez,India,M
3268,Susan Smith,India,F
3269,Charles Jones,USA,M
3270,Daniel Rodriguez,Germany,M
3271,Karen Miller,Germany,F
3272,Linda Jones,Canada,F
3273,William Davis,Italy,M
3274,Thomas Brown,Canada,M
3275,Linda Jones,Spain,F
3276,Susan Williams,France,F
3277,Robert Johnson,Spain,M
3278,Susan Davis,Australia,F
3279,Sarah Wilson,France,F
3280,Barbara Williams,France,F
3281,Joseph Davis,Germany,M
3282,Barbara Rodriguez,Germany,F
3283,Daniel Brown,France,M
3284,William Rodriguez,India,M
3285,Karen Jones,Brazil,F
3286,Robert Jones,Spain,M
3287,Joseph Smith,Italy,M
3288,Elizabeth Smith,Spain,F
3289,Mary Smith,Brazil,F
3290,Barbara Williams,UK,F
3291,Linda Johnson,USA,F
3292,Charles Miller,Brazil,M
3293,Susan Williams,Brazil,F
3294,Barbara Brown,India,F
3295,Michael Johnson,Canada,M
3296,Daniel Wilson,India,M
3297,Barbara Williams,USA,F
3298,Jessica Jones,India,F
3299,Jessica Miller,Spain,F
3300,Elizabeth Davis,Spain,F
3301,Elizabeth Rodriguez,Italy,F
3302,Mary Rodriguez,France,F
3303,Charles Jones,USA,M
3304,Elizabeth Brown,Canada,F
3305,David Williams,Spain,M
3306,Patricia Garcia,Brazil,F
3307,Daniel Williams,Italy,M
3308,Robert Wilson,Spain,M
3309,Linda Jones,India,F
3310,Thomas Johnson,Italy,M
3311,Karen Rodriguez,India,F
3312,Jennifer Garcia,India,F
3313,Daniel Brown,Spain,M
3314,Thomas Davis,Canada,M
3315,Barbara Davis,Australia,F
3316,John Smith,Germany,M
3317,Daniel Jones,Brazil,M
3318,Daniel Williams,India,M
3319,Mary Davis,Spain,F
3320,Patricia Garcia,Spain,F
3321,Sarah Rodriguez,Australia,F
3322,Robert Rodriguez,Germany,M
3323,Barbara Johnson,France,F
3324,Thomas Davis,Australia,M
3325,Mary Williams,India,F
3326,Michael Smith,Germany,M
3327,John Johnson,Italy,M
3328,Michael Rodriguez,Brazil,M
3329,Karen Garcia,Spain,F
3330,Mary Williams,Germany,F
3331,James Smith,Canada,M
3332,Sarah Jones,UK,F
3333,Patricia Davis,UK,F
3334,Thomas Wilson,Brazil,M
3335,Patricia Williams,Brazil,F
3336,Robert Smith,Italy,M
3337,Linda Rodriguez,USA,F
3338,David Johnson,Canada,M
3339,Robert Jones,France,M
3340,Barbara Brown,Spain,F
3341,William Garcia,UK,M
3342,Sarah Jones,France,F
3343,Michael Williams,Canada,M
3344,Susan Jones,France,F
3345,Patricia Wilson,Spain,F
3346,Jessica Davis,Germany,F
3347,Karen Johnson,Italy,F
3348,James Miller,Italy,M
3349,Barbara Rodriguez,Germany,F
3350,Mary Williams,UK,F
3351,Karen Johnson,Italy,F
3352,Jessica Williams,UK,F
3353,Robert Jones,Canada,M
3354,Elizabeth Rodriguez,France,F
3355,Joseph Johnson,Canada,M
3356,Karen Miller,Canada,F
3357,Robert Jones,Germany,M
3358,Mary Wilson,Australia,F
3359,David Davis,France,M
3360,James Smith,USA,M
3361,Robert Jones,Canada,M
3362,Barbara Rodriguez,Brazil,F
3363,Michael Rodriguez,UK,M
3364,Michael Jones,UK,M
3365,Patricia Johnson,Italy,F
3366,Linda Smith,Canada,F
3367,Michael Jones,Canada,M
3368,Thomas Wilson,Canada,M
3369,James Smith,Australia,M
3370,James Rodriguez,France,M
3371,Daniel Davis,Italy,M
3372,Charles Miller,Canada,M
3373,Daniel Johnson,Australia,M
3374,Robert Smith,Australia,M
3375,Mary Williams,Spain,F
3376,Jessica Wilson,UK,F
3377,Michael Brown,Australia,M
3378,Sarah Jones,Italy,F
3379,David Davis,Italy,M
3380,Linda Johnson,Brazil,F
3381,Linda Miller,India,F
3382,Susan Garcia,France,F
3383,Charles Miller,Canada,M
3384,Michael Williams,Italy,M
3385,Mary Smith,France,F
3386,Thomas Davis,Brazil,M
3387,Sarah Rodriguez,India,F
3388,James Jones,USA,M
3389,John Smith,Spain,M
3390,Patricia Rodriguez,UK,F
3391,David Jones,USA,M
3392,Joseph Miller,Canada,M
3393,James Johnson,USA,M
3394,William Davis,UK,M
3395,Barbara Brown,Australia,F
3396,John Wilson,Canada,M
3397,Patricia Smith,France,F
3398,Thomas Johnson,Germany,M
3399,Daniel Johnson,India,M
3400,Joseph Jones,Germany,M
3401,Patricia Miller,USA,F
3402,William Smith,Canada,M
3403,David Jones,UK,M
3404,Elizabeth Garcia,UK,F
3405,Patricia Johnson,India,F
3406,Mary Wilson,France,F
3407,Karen Smith,France,F
3408,Linda Davis,Canada,F
3409,Mary Davis,Germany,F
3410,Karen Brown,Brazil,F
3411,James Smith,Canada,M
3412,Daniel Jones,Italy,M
3413,Sarah Brown,Canada,F
3414,Jessica Johnson,UK,F
3415,Elizabeth Miller,India,F
3416,Barbara Rodriguez,France,F
3417,Karen Jones,Spain,F
3418,Elizabeth Jones,Spain,F
3419,Joseph Jones,Brazil,M
3420,David Jones,India,M
3421,Robert Wilson,Germany,M
3422,Daniel Wilson,Spain,M
3423,Linda Johnson,Italy,F
3424,Robert Wilson,Canada,M
3425,David Garcia,USA,M
3426,James Brown,USA,M
3427,Jennifer Miller,Canada,F
3428,Daniel Johnson,India,M
3429,William Garcia,Australia,M
3430,Susan Jones,Brazil,F
3431,John Miller,Australia,M
3432,David Wilson,Brazil,M
3433,Jessica Garcia,India,F
3434,Daniel Brown,Italy,M
3435,Patricia Rodriguez,UK,F
3436,William Wilson,Australia,M
3437,Joseph Johnson,Canada,M
3438,Susan Wilson,USA,F
3439,Susan Rodriguez,UK,F
3440,William Garcia,Brazil,M
3441,Joseph Garcia,Australia,M
3442,Elizabeth Smith,Italy,F
3443,Susan Johnson,UK,F
3444,Daniel Jones,UK,M
3445,Jessica Wilson,Italy,F
3446,James Williams,Germany,M
3447,Michael Wilson,India,M
3448,Jessica Davis,Italy,F
3449,Elizabeth Jones,USA,F
3450,Elizabeth Williams,Germany,F
3451,Linda Rodriguez,Germany,F
3452,Charles Jones,Spain,M
3453,David Rodriguez,Italy,M
3454,Patricia Garcia,UK,F
3455,Karen Williams,Brazil,F
3456,William Rodriguez,Australia,M
3457,Elizabeth Rodriguez,USA,F
3458,Joseph Wilson,UK,M
3459,Mary Rodriguez,Canada,F
3460,Robert Davis,Italy,M
3461,Sarah Rodriguez,Australia,F
3462,Mary Wilson,Spain,F
3463,David Miller,Canada,M
3464,Robert Williams,Spain,M
3465,Karen Miller,Canada,F
3466,James Williams,Spain,M
3467,Joseph Davis,USA,M
3468,Michael Wilson,Australia,M
3469,Barbara Smith,UK,F
3470,Joseph Smith,UK,M
3471,Mary Johnson,Australia,F
3472,Jennifer Davis,Australia,F
3473,Jessica Johnson,USA,F
3474,Thomas Garcia,Australia,M
3475,Joseph Brown,Italy,M
3476,Michael Miller,Canada,M
3477,Joseph Smith,Australia,M
3478,Daniel Johnson,Italy,M
3479,Sarah Williams,USA,F
3480,Barbara Jones,Germany,F
3481,Jennifer Smith,India,F
3482,Patricia Davis,Germany,F
3483,Mary Davis,Italy,F
3484,Daniel Williams,USA,M
3485,David Garcia,Italy,M
3486,David Williams,USA,M
3487,John Davis,Australia,M
3488,Barbara Smith,Brazil,F
3489,Barbara Davis,USA,F
3490,Elizabeth Smith,India,F
3491,Thomas Miller,Germany,M
3492,John Davis,Australia,M
3493,Charles Williams,UK,M
3494,William Johnson,India,M
3495,David Williams,Australia,M
3496,Jessica Williams,Spain,F
3497,Jessica Wilson,UK,F
3498,Mary Smith,Australia,F
3499,Joseph Miller,Germany,M
3500,Barbara Wilson,Australia,F
3501,Michael Wilson,Australia,M
3502,John Davis,Canada,M
3503,Robert Brown,USA,M
3504,Sarah Rodriguez,France,F
3505,Linda Williams,Italy,F
3506,Mary Rodriguez,Germany,F
3507,Joseph Williams,Australia,M
3508,James Davis,India,M
3509,Jennifer Miller,Italy,F
3510,Patricia Brown,France,F
3511,Jessica Johnson,Italy,F
3512,Michael Davis,Spain,M
3513,Karen Miller,Italy,F
3514,Thomas Wilson,Brazil,M
3515,David Jones,India,M
3516,William Johnson,Australia,M
3517,Thomas Johnson,Canada,M
3518,David Rodriguez,Brazil,M
3519,Patricia Rodriguez,Spain,F
3520,Susan Davis,Australia,F
3521,Sarah Garcia,Italy,F
3522,Susan Davis,USA,F
3523,John Rodriguez,Canada,M
3524,Barbara Williams,Canada,F
3525,James Williams,Canada,M
3526,John Davis,UK,M
3527,William Miller,India,M
3528,Susan Johnson,UK,F
3529,James Miller,USA,M
3530,Joseph Williams,Germany,M
3531,Jessica Wilson,Brazil,F
3532,Karen Jones,Spain,F
3533,Karen Williams,USA,F
3534,Michael Smith,Australia,M
3535,Susan Williams,France,F
3536,Sarah Jones,Spain,F
3537,Michael Davis,USA,M
3538,Jessica Johnson,USA,F
3539,Susan Brown,USA,F
3540,Jessica Williams,UK,F
3541,Jessica Johnson,Canada,F
3542,John Jones,Canada,M
3543,Susan Williams,Canada,F
3544,Mary Williams,India,F
3545,John Rodriguez,France,M
3546,Michael Wilson,USA,M
3547,Thomas Garcia,Brazil,M
3548,Robert Rodriguez,Spain,M
3549,Susan Brown,Italy,F
3550,Linda Jones,Australia,F
3551,Barbara Brown,Australia,F
3552,Linda Williams,Canada,F
3553,Jessica Rodriguez,India,F
3554,Mary Wilson,Spain,F
3555,Joseph Jones,France,M
3556,Jennifer Jones,Italy,F
3557,William Garcia,India,M
3558,William Smith,India,M
3559,Charles Smith,Brazil,M
3560,Susan Smith,Australia,F
3561,James Garcia,France,M
3562,Jennifer Brown,Brazil,F
3563,Jennifer Johnson,France,F
3564,Jessica Wilson,Germany,F
3565,Daniel Miller,USA,M
3566,Linda Williams,France,F
3567,William Garcia,Brazil,M
3568,Karen Brown,Brazil,F
3569,Susan Smith,USA,F
3570,Sarah Wilson,UK,F
3571,James Wilson,India,M
3572,Charles Jones,Brazil,M
3573,Elizabeth Wilson,Spain,F
3574,Elizabeth Davis,Germany,F
3575,Barbara Garcia,Germany,F
3576,Linda Davis,Australia,F
3577,David Williams,Germany,M
3578,Linda Miller,Canada,F
3579,John Rodriguez,Brazil,M
3580,Charles Johnson,UK,M
3581,Daniel Johnson,France,M
3582,Patricia Johnson,Canada,F
3583,James Jones,USA,M
3584,William Johnson,USA,M
3585,Elizabeth Jones,France,F
3586,Joseph Johnson,Italy,M
3587,Sarah Garcia,Brazil,F
3588,Daniel Davis,Brazil,M
3589,Jennifer Jones,India,F
3590,John Jones,Germany,M
3591,Charles Johnson,Canada,M
3592,John Miller,Italy,M
3593,William Johnson,USA,M
3594,Linda Brown,Australia,F
3595,Elizabeth Garcia,France,F
3596,David Miller,France,M
3597,Jessica Miller,Spain,F
3598,Karen Garcia,Germany,F
3599,David Miller,Canada,M
3600,David Johnson,Spain,M
3601,Michael Smith,Australia,M
3602,Karen Davis,UK,F
3603,Linda Johnson,Canada,F
3604,Elizabeth Williams,Spain,F
3605,John Garcia,Spain,M
3606,Karen Johnson,Spain,F
3607,Joseph Brown,USA,M
3608,Susan Williams,Brazil,F
3609,Joseph Johnson,Italy,M
3610,William Johnson,Canada,M
3611,John Wilson,Canada,M
3612,Robert Jones,Germany,M
3613,Robert Johnson,Spain,M
3614,Robert Davis,USA,M
3615,David Smith,Germany,M
3616,Michael Jones,UK,M
3617,John Smith,Spain,M
3618,Thomas Davis,Italy,M
3619,Patricia Williams,France,F
3620,Karen Davis,Spain,F
3621,Michael Williams,Germany,M
3622,David Garcia,India,M
3623,Michael Smith,Canada,M
3624,John Wilson,India,M
3625,Daniel Garcia,Canada,M
3626,Sarah Davis,Italy,F
3627,David Johnson,India,M
3628,Charles Davis,USA,M
3629,William Johnson,Australia,M
3630,Mary Jones,USA,F
3631,Susan Rodriguez,Germany,F
3632,Susan Miller,India,F
3633,Sarah Rodriguez,Canada,F
3634,David Smith,Germany,M
3635,Michael Johnson,USA,M
3636,John Johnson,Canada,M
3637,Patricia Williams,Germany,F
3638,Daniel Brown,UK,M
3639,Barbara Williams,Brazil,F
3640,Robert Smith,India,M
3641,Susan Rodriguez,France,F
3642,Daniel Williams,Spain,M
3643,Charles Jones,France,M
3644,Karen Brown,Spain,F
3645,Karen Williams,Italy,F
3646,Joseph Wilson,Canada,M
3647,Daniel Rodriguez,Australia,M
3648,Michael Garcia,France,M
3649,Michael Miller,Germany,M
3650,David Jones,Australia,M
3651,Robert Garcia,Canada,M
3652,Thomas Garcia,USA,M
3653,Charles Rodriguez,Germany,M
3654,Charles Davis,USA,M
3655,Thomas Garcia,Italy,M
3656,William Rodriguez,India,M
3657,Thomas Garcia,USA,M
3658,Patricia Smith,Australia,F
3659,William Miller,Australia,M
3660,Joseph Williams,India,M
3661,Jessica Williams,UK,F
3662,Patricia Smith,Germany,F
3663,Barbara Jones,France,F
3664,Charles Smith,UK,M
3665,Mary Garcia,Germany,F
3666,Michael Wilson,Italy,M
3667,Barbara Wilson,Italy,F
3668,William Jones,Spain,M
3669,Robert Davis,UK,M
3670,Robert Rodriguez,Australia,M
3671,Barbara Smith,Spain,F
3672,Barbara Brown,Spain,F
3673,Daniel Williams,Spain,M
3674,James Smith,Italy,M
3675,Linda Davis,India,F
3676,Michael Wilson,Italy,M
3677,James Rodriguez,Italy,M
3678,Charles Davis,Australia,M
3679,Patricia Davis,UK,F
3680,Mary Williams,France,F
3681,Joseph Brown,Australia,M
3682,Robert Brown,Germany,M
3683,David Smith,Spain,M
3684,Mary Rodriguez,France,F
3685,Joseph Johnson,Germany,M
3686,Susan Johnson,USA,F
3687,Jennifer Brown,India,F
3688,Jennifer Garcia,Germany,F
3689,James Miller,India,M
3690,Susan Miller,Canada,F
3691,Michael Jones,USA,M
3692,Karen Williams,India,F
3693,Karen Rodriguez,Italy,F
3694,William Garcia,UK,M
3695,Linda Wilson,Australia,F
3696,Thomas Jones,USA,M
3697,Jessica Smith,Canada,F
3698,John Garcia,India,M
3699,David Davis,UK,M
3700,Robert Davis,France,M
3701,David Rodriguez,Australia,M
3702,James Miller,Italy,M
3703,Joseph Miller,UK,M
3704,David Davis,India,M
3705,Linda Williams,USA,F
3706,Elizabeth Jones,Australia,F
3707,Daniel Williams,USA,M
3708,Daniel Garcia,France,M
3709,Susan Miller,UK,F
3710,Mary Williams,India,F
3711,Charles Wilson,UK,M
3712,Susan Smith,Brazil,F
3713,Daniel Brown,USA,M
3714,Charles Garcia,France,M
3715,Sarah Wilson,Brazil,F
3716,Karen Williams,Canada,F
3717,William Johnson,India,M
3718,Daniel Smith,USA,M
3719,Linda Rodriguez,Australia,F
3720,Jessica Smith,USA,F
3721,Sarah Garcia,USA,F
3722,Linda Garcia,India,F
3723,Mary Johnson,Canada,F
3724,Linda Williams,Spain,F
3725,Linda Jones,India,F
3726,Jessica Smith,India,F
3727,John Smith,Brazil,M
3728,William Miller,Canada,M
3729,Robert Smith,UK,M
3730,William Williams,Spain,M
3731,Barbara Wilson,Canada,F
3732,Charles Garcia,Brazil,M
3733,Mary Davis,UK,F
3734,John Garcia,Australia,M
3735,Charles Williams,UK,M
3736,Thomas Williams,Canada,M
3737,William Garcia,Spain,M
3738,Karen Smith,USA,F
3739,Charles Wilson,USA,M
3740,Michael Miller,UK,M
3741,Thomas Williams,Brazil,M
3742,Daniel Williams,Australia,M
3743,Joseph Williams,Canada,M
3744,Karen Williams,Australia,F
3745,William Williams,Australia,M
3746,Karen Johnson,USA,F
3747,Patricia Davis,France,F
3748,Charles Davis,Canada,M
3749,Karen Davis,Spain,F
3750,Sarah Williams,France,F
3751,Robert Jones,UK,M
3752,Karen Jones,USA,F
3753,Robert Davis,France,M
3754,Patricia Garcia,France,F
3755,Barbara Jones,Germany,F
3756,Mary Davis,France,F
3757,Linda Garcia,Canada,F
3758,Joseph Jones,UK,M
3759,Thomas Miller,Spain,M
3760,Linda Smith,Canada,F
3761,Elizabeth Wilson,Germany,F
3762,Barbara Wilson,Australia,F
3763,Susan Brown,Italy,F
3764,Thomas Brown,France,M
3765,Robert Miller,Spain,M
3766,David Rodriguez,Spain,M
3767,Thomas Smith,Germany,M
3768,Barbara Davis,UK,F
3769,Jennifer Rodriguez,Canada,F
3770,Barbara Brown,UK,F
3771,Michael Rodriguez,Spain,M
3772,Barbara Jones,Italy,F
3773,Jennifer Williams,UK,F
3774,Joseph Miller,USA,M
3775,Patricia Davis,Italy,F
3776,Susan Smith,USA,F
3777,Jennifer Johnson,Spain,F
3778,William Johnson,USA,M
3779,Jessica Brown,France,F
3780,Joseph Miller,Canada,M
3781,Susan Jones,India,F
3782,Jessica Wilson,Brazil,F
3783,David Smith,USA,M
3784,Joseph Rodriguez,France,M
3785,Linda Brown,Australia,F
3786,Thomas Smith,Australia,M
3787,Michael Smith,India,M
3788,Charles Jones,Italy,M
3789,Charles Rodriguez,Brazil,M
3790,Charles Smith,India,M
3791,Robert Jones,UK,M
3792,Robert Garcia,France,M
3793,Charles Williams,Australia,M
3794,John Davis,Brazil,M
3795,Jennifer Williams,Spain,F
3796,Karen Miller,Germany,F
3797,Joseph Wilson,Canada,M
3798,Susan Miller,Brazil,F
3799,John Miller,Italy,M
3800,Elizabeth Davis,India,F
3801,James Garcia,USA,M
3802,Barbara Rodriguez,Spain,F
3803,John Davis,USA,M
3804,Barbara Williams,India,F
3805,Joseph Garcia,France,M
3806,Patricia Smith,Brazil,F
3807,Susan Smith,Germany,F
3808,Karen Rodriguez,India,F
3809,Karen Davis,Spain,F
3810,Jessica Davis,Italy,F
3811,David Brown,Spain,M
3812,Mary Garcia,Spain,F
3813,Michael Johnson,France,M
3814,Elizabeth Rodriguez,India,F
3815,Joseph Johnson,USA,M
3816,Susan Williams,Canada,F
3817,William Smith,Brazil,M
3818,Jessica Johnson,Canada,F
3819,John Wilson,France,M
3820,Thomas Rodriguez,France,M
3821,Barbara Brown,Australia,F
3822,Jessica Miller,Spain,F
3823,Robert Williams,USA,M
3824,Sarah Brown,UK,F
3825,Elizabeth Wilson,India,F
3826,Jennifer Miller,Germany,F
3827,Barbara Garcia,Australia,F
3828,Thomas Jones,Canada,M
3829,Michael Johnson,Spain,M
3830,Daniel Brown,USA,M
3831,James Wilson,India,M
3832,Daniel Davis,USA,M
3833,Thomas Miller,Australia,M
3834,Jessica Davis,Canada,F
3835,Thomas Smith,UK,M
3836,Sarah Smith,Germany,F
3837,Mary Rodriguez,Germany,F
3838,Charles Miller,Italy,M
3839,Linda Jones,Italy,F
3840,Karen Brown,Spain,F
3841,Thomas Smith,USA,M
3842,Linda Rodriguez,Germany,F
3843,James Johnson,France,M
3844,David Smith,Brazil,M
3845,Thomas Wilson,France,M
3846,Charles Davis,Spain,M
3847,Barbara Garcia,Australia,F
3848,Thomas Smith,USA,M
3849,Elizabeth Smith,Germany,F
3850,Joseph Williams,Germany,M
3851,Michael Smith,Spain,M
3852,Karen Wilson,Australia,F
3853,William Miller,France,M
3854,Daniel Johnson,UK,M
3855,Elizabeth Jones,USA,F
3856,Jessica Davis,Germany,F
3857,Mary Johnson,Brazil,F
3858,Elizabeth Johnson,Italy,F
3859,Michael Brown,Italy,M
3860,Susan Williams,Germany,F
3861,Susan Wilson,Canada,F
3862,Robert Garcia,Australia,M
3863,Karen Miller,India,F
3864,James Miller,Spain,M
3865,Joseph Davis,USA,M
3866,Jessica Wilson,France,F
3867,Jennifer Williams,India,F
3868,Robert Davis,USA,M
3869,Thomas Miller,Canada,M
3870,Patricia Williams,Brazil,F
3871,Michael Smith,Italy,M
3872,Patricia Garcia,India,F
3873,Mary Davis,India,F
3874,Jessica Wilson,Italy,F
3875,Jessica Johnson,Brazil,F
3876,Robert Brown,Germany,M
3877,Patricia Miller,Canada,F
3878,Susan Smith,USA,F
3879,Jennifer Davis,UK,F
3880,Mary Williams,Canada,F
3881,Elizabeth Wilson,Brazil,F
3882,Sarah Rodriguez,France,F
3883,Barbara Davis,UK,F
3884,Thomas Wilson,Australia,M
3885,Sarah Miller,Australia,F
3886,David Miller,USA,M
3887,William Rodriguez,USA,M
3888,Patricia Smith,Australia,F
3889,Daniel Wilson,India,M
3890,Charles Davis,USA,M
3891,Elizabeth Williams,Italy,F
3892,David Miller,Canada,M
3893,Michael Wilson,Germany,M
3894,Robert Rodriguez,Germany,M
3895,Elizabeth Johnson,Canada,F
3896,Mary Rodriguez,Spain,F
3897,Sarah Johnson,Spain,F
3898,David Rodriguez,Australia,M
3899,Sarah Brown,Italy,F
3900,William Smith,Italy,M
3901,Linda Brown,UK,F
3902,Susan Williams,Canada,F
3903,Thomas Wilson,Spain,M
3904,Jennifer Garcia,Germany,F
3905,James Jones,France,M
3906,Michael Davis,UK,M
3907,Susan Johnson,UK,F
3908,Thomas Brown,Germany,M
3909,James Williams,India,M
3910,Patricia Rodriguez,Brazil,F
3911,Barbara Jones,Canada,F
3912,Linda Miller,UK,F
3913,David Jones,Canada,M
3914,Sarah Brown,Australia,F
3915,Joseph Miller,France,M
3916,Charles Miller,India,M
3917,Charles Brown,Germany,M
3918,Joseph Jones,Italy,M
3919,Jessica Garcia,Brazil,F
3920,Susan Smith,USA,F
3921,John Johnson,Italy,M
3922,Robert Smith,Canada,M
3923,Jessica Miller,Italy,F
3924,Linda Rodriguez,UK,F
3925,Michael Johnson,UK,M
3926,Joseph Miller,India,M
3927,Susan Brown,Australia,F
3928,Sarah Wilson,UK,F
3929,Michael Miller,Germany,M
3930,Jennifer Garcia,Germany,F
3931,Karen Miller,Brazil,F
3932,Mary Rodriguez,France,F
3933,Susan Wilson,France,F
3934,Michael Johnson,USA,M
3935,John Rodriguez,France,M
3936,Karen Miller,UK,F
3937,Charles Davis,Brazil,M
3938,Joseph Rodriguez,Spain,M
3939,James Brown,UK,M
3940,James Smith,Australia,M
3941,Sarah Wilson,UK,F
3942,Linda Brown,India,F
3943,Karen Smith,Spain,F
3944,James Wilson,Italy,M
3945,Mary Jones,Canada,F
3946,Robert Williams,UK,M
3947,David Smith,USA,M
3948,Daniel Smith,USA,M
3949,Charles Brown,Italy,M
3950,Thomas Jones,India,M
3951,Karen Johnson,Germany,F
3952,John Williams,Germany,M
3953,Thomas Rodriguez,Australia,M
3954,Karen Garcia,UK,F
3955,Thomas Miller,Spain,M
3956,James Wilson,Spain,M
3957,Mary Garcia,UK,F
3958,Thomas Smith,UK,M
3959,Karen Wilson,France,F
3960,Sarah Rodriguez,Germany,F
3961,John Davis,Spain,M
3962,Thomas Garcia,Germany,M
3963,Joseph Johnson,UK,M
3964,William Miller,Germany,M
3965,James Brown,Brazil,M
3966,Karen Williams,Italy,F
3967,Thomas Miller,France,M
3968,Jessica Garcia,Spain,F
3969,Elizabeth Jones,Australia,F
3970,Joseph Garcia,Spain,M
3971,John Davis,Brazil,M
3972,Jessica Miller,UK,F
3973,Patricia Miller,Brazil,F
3974,Daniel Rodriguez,Germany,M
3975,Michael Wilson,Canada,M
3976,Patricia Johnson,France,F
3977,John Johnson,Brazil,M
3978,Barbara Smith,Germany,F
3979,James Johnson,Germany,M
3980,Charles Miller,Brazil,M
3981,William Johnson,Brazil,M
3982,Charles Wilson,Italy,M
3983,Linda Smith,Italy,F
3984,Charles Miller,Brazil,M
3985,Michael Rodriguez,Canada,M
3986,Sarah Brown,Italy,F
3987,Mary Rodriguez,Brazil,F
3988,Linda Johnson,Australia,F
3989,Jennifer Smith,India,F
3990,Susan Smith,Spain,F
3991,Patricia Brown,Germany,F
3992,Karen Johnson,France,F
3993,Michael Miller,Germany,M
3994,Mary Miller,USA,F
3995,Susan Jones,Germany,F
3996,Jennifer Wilson,USA,F
3997,Charles Brown,Germany,M
3998,Susan Garcia,UK,F
3999,Thomas Jones,Brazil,M
4000,Jennifer Wilson,Germany,F
4001,William Rodriguez,UK,M
4002,Elizabeth Brown,USA,F
4003,Charles Smith,Australia,M
4004,John Davis,Canada,M
4005,Karen Brown,Italy,F
4006,Susan Davis,Brazil,F
4007,Elizabeth Rodriguez,Brazil,F
4008,Elizabeth Williams,USA,F
4009,Barbara Garcia,Spain,F
4010,Mary Miller,UK,F
4011,Sarah Williams,USA,F
4012,Daniel Rodriguez,Australia,M
4013,Elizabeth Garcia,France,F
4014,David Johnson,France,M
4015,Robert Garcia,UK,M
4016,Charles Brown,Spain,M
4017,Sarah Williams,Italy,F
4018,Barbara Jones,Brazil,F
4019,Jessica Davis,Brazil,F
4020,Patricia Williams,USA,F
4021,William Miller,Spain,M
4022,Karen Smith,USA,F
4023,Linda Jones,Germany,F
4024,Daniel Garcia,Brazil,M
4025,Jessica Jones,USA,F
4026,Thomas Jones,Canada,M
4027,Mary Jones,UK,F
4028,Susan Rodriguez,Italy,F
4029,William Miller,Germany,M
4030,Michael Williams,USA,M
4031,Joseph Johnson,Brazil,M
4032,Sarah Johnson,Spain,F
4033,Barbara Jones,UK,F
4034,Charles Johnson,Germany,M
4035,Jessica Miller,Italy,F
4036,Linda Johnson,Spain,F
4037,Jennifer Davis,Australia,F
4038,Thomas Johnson,Canada,M
4039,Michael Davis,Brazil,M
4040,David Williams,Canada,M
4041,James Jones,Canada,M
4042,John Brown,Germany,M
4043,Mary Smith,Australia,F
4044,William Rodriguez,UK,M
4045,Jennifer Brown,India,F
4046,Daniel Wilson,Germany,M
4047,John Smith,Spain,M
4048,William Miller,France,M
4049,David Wilson,Italy,M
4050,Sarah Brown,Australia,F
4051,Elizabeth Johnson,UK,F
4052,Robert Jones,Canada,M
4053,Karen Miller,France,F
4054,Michael Garcia,Canada,M
4055,Jennifer Rodriguez,India,F
4056,James Jones,France,M
4057,Mary Wilson,France,F
4058,Sarah Jones,France,F
4059,Sarah Williams,Spain,F
4060,William Williams,UK,M
4061,Joseph Miller,Brazil,M
4062,Daniel Brown,Germany,M
4063,Jessica Rodriguez,UK,F
4064,Karen Garcia,Italy,F
4065,Michael Williams,Canada,M
4066,Elizabeth Miller,Italy,F
4067,Daniel Davis,Canada,M
4068,Charles Johnson,France,M
4069,Charles Williams,USA,M
4070,Jennifer Garcia,Australia,F
4071,Jennifer Williams,Italy,F
4072,David Garcia,Canada,M
4073,Mary Garcia,France,F
4074,Sarah Garcia,USA,F
4075,John Wilson,France,M
4076,Jennifer Rodriguez,France,F
4077,Michael Johnson,Canada,M
4078,Michael Wilson,Brazil,M
4079,Jennifer Miller,France,F
4080,Michael Williams,India,M
4081,William Davis,Brazil,M
4082,Mary Brown,USA,F
4083,James Wilson,Germany,M
4084,Linda Williams,USA,F
4085,William Brown,USA,M
4086,John Smith,Germany,M
4087,John Williams,Brazil,M
4088,Linda Davis,Spain,F
4089,Michael Davis,India,M
4090,Thomas Garcia,Brazil,M
4091,Michael Jones,Italy,M
4092,Robert Williams,India,M
4093,Jennifer Williams,India,F
4094,David Rodriguez,USA,M
4095,Charles Johnson,USA,M
4096,Robert Johnson,India,M
4097,Karen Jones,India,F
4098,Sarah Brown,Brazil,F
4099,Charles Jones,France,M
4100,Karen Smith,France,F
4101,Patricia Williams,Australia,F
4102,Mary Davis,Italy,F
4103,Sarah Rodriguez,France,F
4104,Daniel Jones,Germany,M
4105,John Davis,Spain,M
4106,Linda Rodriguez,Germany,F
4107,Robert Smith,USA,M
4108,Robert Davis,UK,M
4109,Joseph Smith,India,M
4110,James Rodriguez,Canada,M
4111,James Williams,India,M
4112,Robert Davis,Brazil,M
4113,Robert Jones,Australia,M
4114,Sarah Jones,UK,F
4115,Patricia Smith,Australia,F
4116,Sarah Miller,Germany,F
4117,Thomas Miller,Brazil,M
4118,James Johnson,Italy,M
4119,Jennifer Rodriguez,Brazil,F
4120,Karen Garcia,India,F
4121,Joseph Smith,Brazil,M
4122,Joseph Smith,USA,M
4123,Mary Miller,Canada,F
4124,David Rodriguez,UK,M
4125,Patricia Davis,USA,F
4126,Susan Wilson,India,F
4127,Karen Garcia,Canada,F
4128,Charles Garcia,USA,M
4129,James Davis,Australia,M
4130,David Jones,Brazil,M
4131,Karen Miller,France,F
4132,Barbara Miller,Australia,F
4133,Michael Johnson,Brazil,M
4134,Karen Garcia,Italy,F
4135,Sarah Rodriguez,UK,F
4136,Barbara Brown,Australia,F
4137,Jennifer Garcia,Australia,F
4138,James Johnson,USA,M
4139,John Jones,USA,M
4140,David Johnson,Canada,M
4141,Sarah Brown,Brazil,F
4142,Robert Brown,France,M
4143,Elizabeth Brown,Brazil,F
4144,Joseph Williams,Canada,M
4145,Sarah Wilson,India,F
4146,Robert Garcia,India,M
4147,Robert Wilson,Germany,M
4148,John Wilson,France,M
4149,John Garcia,Spain,M
4150,Patricia Rodriguez,USA,F
4151,Jennifer Wilson,UK,F
4152,James Jones,India,M
4153,James Davis,USA,M
4154,Robert Brown,Brazil,M
4155,Thomas Brown,Brazil,M
4156,Thomas Williams,Canada,M
4157,Linda Garcia,Australia,F
4158,Charles Johnson,Australia,M
4159,Linda Davis,France,F
4160,Elizabeth Brown,UK,F
4161,Susan Williams,Italy,F
4162,Susan Jones,USA,F
4163,Susan Brown,Germany,F
4164,Elizabeth Smith,India,F
4165,Robert Williams,Brazil,M
4166,Barbara Wilson,Germany,F
4167,Michael Miller,India,M
4168,Daniel Davis,Canada,M
4169,David Jones,Australia,M
4170,Sarah Miller,Australia,F
4171,Robert Davis,Italy,M
4172,Jennifer Williams,USA,F
4173,Jessica Smith,UK,F
4174,David Smith,France,M
4175,Robert Jones,France,M
4176,David Wilson,Spain,M
4177,Daniel Smith,Brazil,M
4178,William Davis,Germany,M
4179,Michael Williams,Spain,M
4180,Susan Smith,Australia,F
4181,Robert Rodriguez,Italy,M
4182,Mary Smith,Brazil,F
4183,William Williams,India,M
4184,Robert Wilson,Australia,M
4185,Joseph Miller,Canada,M
4186,Michael Brown,Spain,M
4187,Robert Smith,Spain,M
4188,Jennifer Rodriguez,Spain,F
4189,Thomas Williams,Australia,M
4190,Barbara Wilson,Spain,F
4191,Joseph Miller,India,M
4192,David Miller,UK,M
4193,Patricia Johnson,France,F
4194,William Davis,UK,M
4195,Mary Brown,Spain,F
4196,Sarah Davis,India,F
4197,Charles Wilson,Canada,M
4198,Jessica Miller,Canada,F
4199,Karen Williams,Brazil,F
4200,Robert Davis,UK,M
4201,John Davis,UK,M
4202,Elizabeth Jones,France,F
4203,Thomas Rodriguez,Brazil,M
4204,Karen Garcia,Australia,F
4205,Jennifer Davis,USA,F
4206,Daniel Rodriguez,Spain,M
4207,Elizabeth Miller,Spain,F
4208,Charles Smith,Canada,M
4209,Charles Jones,India,M
4210,Michael Miller,Canada,M
4211,Sarah Brown,Canada,F
4212,William Jones,Canada,M
4213,Jennifer Miller,Australia,F
4214,Linda Smith,Germany,F
4215,Robert Rodriguez,India,M
4216,Elizabeth Garcia,Germany,F
4217,John Miller,India,M
4218,Sarah Wilson,Canada,F
4219,Karen Brown,Australia,F
4220,Karen Rodriguez,USA,F
4221,Patricia Garcia,UK,F
4222,John Miller,Canada,M
4223,Michael Johnson,Australia,M
4224,Karen Brown,France,F
4225,Charles Brown,USA,M
4226,Mary Davis,Brazil,F
4227,Charles Rodriguez,Germany,M
4228,Jessica Wilson,Australia,F
4229,Barbara Garcia,Australia,F
4230,Linda Garcia,France,F
4231,James Williams,France,M
4232,Susan Wilson,Italy,F
4233,Karen Williams,France,F
4234,Susan Davis,Australia,F
4235,John Garcia,Italy,M
4236,Karen Williams,Canada,F
4237,David Davis,Australia,M
4238,Charles Johnson,UK,M
4239,Karen Rodriguez,Australia,F
4240,Linda Smith,USA,F
4241,Joseph Wilson,USA,M
4242,Susan Garcia,France,F
4243,Joseph Garcia,UK,M
4244,James Johnson,Brazil,M
4245,Sarah Williams,UK,F
4246,James Rodriguez,Canada,M
4247,Jennifer Jones,Germany,F
4248,Joseph Miller,Italy,M
4249,David Smith,USA,M
4250,Daniel Brown,Brazil,M
4251,Michael Williams,Brazil,M
4252,Joseph Johnson,France,M
4253,Jennifer Davis,Brazil,F
4254,Michael Davis,Spain,M
4255,William Johnson,Canada,M
4256,Thomas Wilson,Germany,M
4257,James Jones,France,M
4258,Karen Johnson,Italy,F
4259,Karen Smith,Germany,F
4260,Susan Johnson,UK,F
4261,Karen Smith,Italy,F
4262,Michael Jones,India,M
4263,Daniel Brown,Germany,M
4264,William Wilson,Spain,M
4265,Mary Jones,Canada,F
4266,Jessica Garcia,Australia,F
4267,Robert Miller,UK,M
4268,David Williams,USA,M
4269,Jessica Wilson,Spain,F
4270,Robert Garcia,Spain,M
4271,Thomas Garcia,Canada,M
4272,Michael Williams,Australia,M
4273,Jessica Brown,USA,F
4274,Barbara Brown,Australia,F
4275,Elizabeth Davis,Italy,F
4276,Linda Johnson,USA,F
4277,Sarah Smith,Italy,F
4278,James Wilson,France,M
4279,Karen Rodriguez,USA,F
4280,Joseph Rodriguez,Brazil,M
4281,Thomas Rodriguez,Italy,M
4282,Elizabeth Williams,Canada,F
4283,Daniel Garcia,USA,M
4284,Linda Garcia,France,F
4285,Linda Johnson,India,F
4286,John Miller,UK,M
4287,John Davis,Spain,M
4288,Mary Rodriguez,Germany,F
4289,Linda Miller,France,F
4290,William Johnson,Italy,M
4291,Daniel Garcia,Spain,M
4292,Michael Wilson,Italy,M
4293,Robert Jones,Australia,M
4294,Susan Garcia,Germany,F
4295,Charles Miller,UK,M
4296,Charles Williams,USA,M
4297,Susan Davis,Australia,F
4298,Jennifer Rodriguez,France,F
4299,Sarah Davis,Australia,F
4300,William Wilson,Germany,M
4301,Jennifer Williams,USA,F
4302,Linda Smith,Italy,F
4303,Patricia Johnson,Germany,F
4304,John Miller,Italy,M
4305,Daniel Wilson,India,M
4306,Robert Garcia,France,M
4307,Charles Rodriguez,USA,M
4308,Charles Wilson,Germany,M
4309,Mary Davis,USA,F
4310,Barbara Miller,Australia,F
4311,Karen Davis,Spain,F
4312,Robert Smith,Canada,M
4313,Thomas Smith,Canada,M
4314,James Miller,Spain,M
4315,Jessica Rodriguez,France,F
4316,Mary Smith,Canada,F
4317,Susan Miller,USA,F
4318,John Miller,Canada,M
4319,Karen Brown,Spain,F
4320,John Wilson,Brazil,M
4321,Jennifer Davis,Canada,F
4322,Elizabeth Rodriguez,Australia,F
4323,David Johnson,Spain,M
4324,James Smith,Brazil,M
4325,Jennifer Brown,France,F
4326,Joseph Rodriguez,Australia,M
4327,Patricia Rodriguez,Germany,F
4328,Jennifer Williams,Australia,F
4329,Susan Rodriguez,India,F
4330,David Rodriguez,Canada,M
4331,Daniel Davis,France,M
4332,Jessica Williams,India,F
4333,Linda Smith,France,F
4334,Joseph Wilson,USA,M
4335,Mary Rodriguez,Brazil,F
4336,Thomas Jones,Canada,M
4337,David Wilson,UK,M
4338,Daniel Davis,UK,M
4339,David Johnson,USA,M
4340,Daniel Garcia,USA,M
4341,Charles Johnson,France,M
4342,Mary Davis,Italy,F
4343,David Davis,UK,M
4344,James Smith,UK,M
4345,Robert Garcia,Spain,M
4346,Barbara Smith,Germany,F
4347,Patricia Garcia,Germany,F
4348,William Brown,UK,M
4349,Mary Davis,USA,F
4350,Susan Johnson,USA,F
4351,John Wilson,France,M
4352,Charles Smith,Australia,M
4353,John Johnson,Germany,M
4354,Linda Wilson,Spain,F
4355,Joseph Johnson,USA,M
4356,Jessica Johnson,Spain,F
4357,Karen Miller,Brazil,F
4358,Robert Wilson,India,M
4359,Thomas Smith,USA,M
4360,Karen Johnson,Germany,F
4361,Elizabeth Williams,Spain,F
4362,Barbara Rodriguez,Australia,F
4363,Patricia Wilson,France,F
4364,Sarah Williams,Spain,F
4365,William Jones,India,M
4366,Charles Smith,UK,M
4367,Jennifer Miller,Brazil,F
4368,Mary Johnson,Australia,F
4369,Susan Brown,India,F
4370,Michael Wilson,Germany,M
4371,Mary Miller,Spain,F
4372,Susan Smith,Spain,F
4373,Susan Rodriguez,UK,F
4374,Karen Johnson,Germany,F
4375,Karen Davis,UK,F
4376,Jessica Johnson,Canada,F
4377,Robert Johnson,France,M
4378,Linda Rodriguez,France,F
4379,Linda Williams,France,F
4380,Charles Williams,France,M
4381,Jessica Miller,Germany,F
4382,William Jones,France,M
4383,Sarah Davis,Italy,F
4384,John Rodriguez,India,M
4385,Robert Miller,UK,M
4386,David Rodriguez,Germany,M
4387,Elizabeth Jones,Italy,F
4388,Thomas Rodriguez,UK,M
4389,Robert Wilson,Spain,M
4390,Linda Smith,Spain,F
4391,Charles Jones,India,M
4392,Michael Rodriguez,India,M
4393,Susan Miller,Brazil,F
4394,Robert Smith,Germany,M
4395,Susan Williams,Brazil,F
4396,Charles Rodriguez,Germany,M
4397,John Miller,Brazil,M
4398,Karen Garcia,USA,F
4399,Robert Johnson,Brazil,M
4400,John Rodriguez,Germany,M
4401,Joseph Williams,Italy,M
4402,Charles Rodriguez,India,M
4403,Elizabeth Davis,Italy,F
4404,Barbara Garcia,Canada,F
4405,Linda Smith,USA,F
4406,Robert Davis,India,M
4407,Elizabeth Brown,Australia,F
4408,Sarah Williams,India,F
4409,Michael Davis,USA,M
4410,Patricia Jones,Germany,F
4411,Barbara Jones,Australia,F
4412,Michael Jones,Spain,M
4413,Daniel Garcia,Canada,M
4414,Karen Jones,Spain,F
4415,Jessica Brown,Canada,F
4416,Barbara Jones,Brazil,F
4417,Susan Williams,France,F
4418,Thomas Brown,USA,M
4419,David Davis,Australia,M
4420,Patricia Johnson,Australia,F
4421,Mary Rodriguez,USA,F
4422,James Wilson,Italy,M
4423,David Johnson,Spain,M
4424,Patricia Jones,Spain,F
4425,Susan Brown,Spain,F
4426,Susan Jones,Brazil,F
4427,Robert Smith,France,M
4428,James Jones,India,M
4429,William Williams,Brazil,M
4430,Mary Wilson,Spain,F
4431,Jennifer Williams,Spain,F
4432,Joseph Wilson,USA,M
4433,Linda Garcia,USA,F
4434,John Williams,USA,M
4435,Linda Miller,Brazil,F
4436,John Williams,Spain,M
4437,James Rodriguez,Canada,M
4438,Daniel Wilson,Italy,M
4439,Robert Smith,Canada,M
4440,Sarah Smith,USA,F
4441,Patricia Davis,France,F
4442,Barbara Garcia,Canada,F
4443,Jennifer Brown,Spain,F
4444,Robert Miller,Brazil,M
4445,Susan Miller,India,F
4446,Michael Williams,Spain,M
4447,Thomas Johnson,Canada,M
4448,Susan Brown,Spain,F
4449,David Rodriguez,Brazil,M
4450,David Smith,Australia,M
4451,Michael Jones,UK,M
4452,Joseph Jones,Italy,M
4453,Thomas Smith,Germany,M
4454,Michael Brown,Brazil,M
4455,William Wilson,France,M
4456,Daniel Wilson,UK,M
4457,Sarah Davis,Australia,F
4458,Charles Miller,India,M
4459,Karen Miller,Australia,F
4460,Michael Rodriguez,India,M
4461,James Garcia,Australia,M
4462,David Wilson,UK,M
4463,James Smith,India,M
4464,Susan Brown,Germany,F
4465,Elizabeth Garcia,Canada,F
4466,Barbara Brown,France,F
4467,Charles Brown,Canada,M
4468,Linda Williams,Germany,F
4469,John Jones,France,M
4470,William Davis,USA,M
4471,Linda Smith,Spain,F
4472,Barbara Davis,India,F
4473,Daniel Smith,Spain,M
4474,Jennifer Rodriguez,Australia,F
4475,Jennifer Jones,India,F
4476,James Williams,Italy,M
4477,Patricia Rodriguez,UK,F
4478,Karen Rodriguez,India,F
4479,Karen Johnson,India,F
4480,William Garcia,Brazil,M
4481,Elizabeth Jones,Spain,F
4482,Mary Jones,Brazil,F
4483,Susan Rodriguez,India,F
4484,Elizabeth Jones,Canada,F
4485,William Rodriguez,France,M
4486,James Johnson,France,M
4487,Charles Jones,Italy,M
4488,Daniel Davis,India,M
4489,Thomas Garcia,Canada,M
4490,Mary Smith,USA,F
4491,Thomas Miller,France,M
4492,Jennifer Brown,Australia,F
4493,Joseph Jones,USA,M
4494,Jessica Brown,France,F
4495,Susan Jones,Spain,F
4496,Mary Miller,Australia,F
4497,Robert Garcia,Australia,M
4498,Karen Wilson,UK,F
4499,Barbara Davis,Canada,F
4500,Robert Johnson,Australia,M
4501,Jennifer Smith,Brazil,F
4502,William Miller,Canada,M
4503,Barbara Wilson,Spain,F
4504,John Johnson,Canada,M
4505,Mary Rodriguez,USA,F
4506,Sarah Williams,Germany,F
4507,Sarah Jones,Brazil,F
4508,Joseph Rodriguez,Italy,M
4509,Susan Smith,India,F
4510,Linda Miller,India,F
4511,Robert Wilson,Brazil,M
4512,Sarah Wilson,Australia,F
4513,Patricia Davis,Italy,F
4514,Barbara Davis,Australia,F
4515,Linda Rodriguez,UK,F
4516,Thomas Rodriguez,Canada,M
4517,Joseph Wilson,Canada,M
4518,Daniel Miller,Australia,M
4519,Sarah Jones,Canada,F
4520,Daniel Smith,France,M
4521,Karen Garcia,UK,F
4522,Susan Davis,Brazil,F
4523,John Williams,Australia,M
4524,James Miller,Australia,M
4525,Thomas Davis,Brazil,M
4526,Thomas Johnson,Italy,M
4527,Michael Rodriguez,UK,M
4528,Jennifer Wilson,Germany,F
4529,Patricia Brown,India,F
4530,Barbara Rodriguez,Italy,F
4531,Mary Miller,Spain,F
4532,Karen Johnson,Australia,F
4533,Patricia Williams,USA,F
4534,Karen Brown,Canada,F
4535,Jessica Miller,India,F
4536,Susan Brown,Canada,F
4537,Mary Miller,Germany,F
4538,William Smith,Australia,M
4539,Sarah Smith,Spain,F
4540,Michael Wilson,Brazil,M
4541,John Smith,France,M
4542,Thomas Jones,Germany,M
4543,Mary Wilson,Spain,F
4544,Linda Jones,Australia,F
4545,Joseph Garcia,UK,M
4546,Karen Brown,Germany,F
4547,Robert Brown,Brazil,M
4548,John Wilson,Brazil,M
4549,Jessica Smith,Italy,F
4550,Susan Jones,Canada,F
4551,Elizabeth Rodriguez,Brazil,F
4552,William Miller,Spain,M
4553,Jessica Rodriguez,India,F
4554,David Rodriguez,Brazil,M
4555,Mary Garcia,France,F
4556,Robert Williams,Australia,M
4557,Charles Jones,USA,M
4558,Mary Davis,UK,F
4559,Michael Davis,USA,M
4560,David Brown,Australia,M
4561,Robert Rodriguez,India,M
4562,Patricia Davis,India,F
4563,Linda Brown,Italy,F
4564,Elizabeth Wilson,India,F
4565,Linda Brown,UK,F
4566,Sarah Rodriguez,Canada,F
4567,Mary Smith,USA,F
4568,Jennifer Smith,UK,F
4569,Susan Williams,Canada,F
4570,Joseph Brown,India,M
4571,William Brown,India,M
4572,Susan Garcia,Brazil,F
4573,Karen Johnson,Germany,F
4574,Mary Johnson,Italy,F
4575,William Jones,Brazil,M
4576,Barbara Smith,India,F
4577,James Smith,Brazil,M
4578,James Brown,Spain,M
4579,Daniel Williams,France,M
4580,James Rodriguez,Spain,M
4581,Robert Brown,Brazil,M
4582,Barbara Rodriguez,India,F
4583,Michael Miller,Spain,M
4584,Charles Smith,Australia,M
4585,Barbara Johnson,USA,F
4586,Barbara Garcia,France,F
4587,Mary Miller,Canada,F
4588,William Smith,Germany,M
4589,Joseph Johnson,Germany,M
4590,Susan Rodriguez,UK,F
4591,Daniel Johnson,Spain,M
4592,Charles Rodriguez,Brazil,M
4593,Michael Rodriguez,France,M
4594,Charles Garcia,Australia,M
4595,Sarah Miller,Italy,F
4596,Daniel Jones,Australia,M
4597,William Smith,Germany,M
4598,Elizabeth Smith,Brazil,F
4599,Linda Wilson,Italy,F
4600,Jessica Brown,Australia,F
4601,John Jones,Brazil,M
4602,Mary Garcia,UK,F
4603,John Johnson,India,M
4604,James Rodriguez,Brazil,M
4605,William Garcia,Brazil,M
4606,Mary Williams,Spain,F
4607,Michael Jones,Brazil,M
4608,Joseph Garcia,Italy,M
4609,Elizabeth Miller,Germany,F
4610,Jessica Rodriguez,USA,F
4611,Jennifer Rodriguez,India,F
4612,Sarah Brown,UK,F
4613,David Rodriguez,India,M
4614,Robert Garcia,Brazil,M
4615,Daniel Davis,USA,M
4616,Elizabeth Jones,France,F
4617,Karen Jones,UK,F
4618,Jessica Brown,Brazil,F
4619,Karen Smith,Spain,F
4620,James Davis,Australia,M
4621,William Brown,India,M
4622,Susan Johnson,France,F
4623,Sarah Wilson,Italy,F
4624,Joseph Rodriguez,USA,M
4625,Joseph Smith,France,M
4626,Elizabeth Smith,Italy,F
4627,Patricia Johnson,Germany,F
4628,Charles Brown,Spain,M
4629,David Brown,Australia,M
4630,David Jones,Spain,M
4631,David Johnson,India,M
4632,Daniel Johnson,Spain,M
4633,Robert Miller,Australia,M
4634,Barbara Jones,Italy,F
4635,Barbara Williams,Australia,F
4636,Mary Rodriguez,USA,F
4637,Elizabeth Williams,Canada,F
4638,Joseph Brown,Brazil,M
4639,William Miller,India,M
4640,Linda Smith,Canada,F
4641,Thomas Davis,Spain,M
4642,Karen Miller,Germany,F
4643,Mary Miller,USA,F
4644,Daniel Smith,Germany,M
4645,James Wilson,Italy,M
4646,Jessica Smith,UK,F
4647,Susan Johnson,Canada,F
4648,Patricia Smith,Italy,F
4649,Thomas Rodriguez,Brazil,M
4650,Barbara Brown,Germany,F
4651,Karen Wilson,India,F
4652,William Garcia,France,M
4653,Sarah Williams,Australia,F
4654,Elizabeth Brown,France,F
4655,Sarah Jones,Germany,F
4656,Joseph Johnson,Brazil,M
4657,Mary Smith,Canada,F
4658,Karen Miller,Italy,F
4659,Sarah Rodriguez,France,F
4660,Susan Smith,Spain,F
4661,Sarah Wilson,Italy,F
4662,William Garcia,France,M
4663,Susan Johnson,Canada,F
4664,Joseph Rodriguez,Canada,M
4665,John Davis,France,M
4666,Jessica Garcia,France,F
4667,Michael Williams,USA,M
4668,James Wilson,UK,M
4669,William Wilson,UK,M
4670,Mary Brown,France,F
4671,Linda Wilson,Germany,F
4672,Jennifer Williams,Spain,F
4673,Mary Smith,UK,F
4674,Linda Davis,Germany,F
4675,Thomas Smith,Canada,M
4676,Joseph Garcia,Canada,M
4677,Charles Williams,Italy,M
4678,James Miller,Spain,M
4679,Thomas Miller,Brazil,M
4680,John Rodriguez,Australia,M
4681,Jennifer Garcia,India,F
4682,Susan Davis,Spain,F
4683,Mary Rodriguez,UK,F
4684,Elizabeth Johnson,Canada,F
4685,Barbara Johnson,Spain,F
4686,Elizabeth Wilson,USA,F
4687,Sarah Smith,France,F
4688,James Miller,Germany,M
4689,Charles Wilson,France,M
4690,Elizabeth Wilson,France,F
4691,Susan Brown,USA,F
4692,John Jones,India,M
4693,Linda Wilson,Brazil,F
4694,Susan Rodriguez,Brazil,F
4695,Elizabeth Brown,USA,F
4696,Karen Miller,Italy,F
4697,Mary Johnson,Italy,F
4698,Mary Miller,Canada,F
4699,Karen Brown,Spain,F
4700,Sarah Johnson,USA,F
4701,Michael Smith,India,M
4702,Charles Rodriguez,France,M
4703,Susan Johnson,Brazil,F
4704,David Jones,Spain,M
4705,Daniel Rodriguez,Italy,M
4706,Susan Wilson,UK,F
4707,Mary Williams,Germany,F
4708,Daniel Rodriguez,Brazil,M
4709,Karen Williams,Australia,F
4710,Susan Davis,Brazil,F
4711,Mary Smith,Brazil,F
4712,Jennifer Rodriguez,USA,F
4713,Charles Davis,Germany,M
4714,Linda Miller,Brazil,F
4715,James Miller,Australia,M
4716,Charles Rodriguez,Australia,M
4717,Jennifer Garcia,Australia,F
4718,David Smith,USA,M
4719,John Brown,USA,M
4720,Charles Garcia,Brazil,M
4721,Thomas Davis,France,M
4722,Barbara Wilson,UK,F
4723,Joseph Wilson,France,M
4724,Robert Wilson,Canada,M
4725,Daniel Garcia,France,M
4726,Barbara Rodriguez,Australia,F
4727,Jessica Wilson,Germany,F
4728,James Johnson,Canada,M
4729,Mary Davis,India,F
4730,Robert Garcia,Canada,M
4731,Jessica Garcia,Australia,F
4732,Barbara Davis,Germany,F
4733,Thomas Williams,Spain,M
4734,Michael Rodriguez,India,M
4735,Barbara Miller,Italy,F
4736,Linda Wilson,Spain,F
4737,Susan Miller,France,F
4738,Sarah Davis,Brazil,F
4739,James Williams,France,M
4740,James Williams,USA,M
4741,Barbara Jones,Australia,F
4742,Barbara Williams,USA,F
4743,James Johnson,France,M
4744,John Miller,Australia,M
4745,Daniel Johnson,India,M
4746,Jessica Garcia,Australia,F
4747,Mary Rodriguez,France,F
4748,John Davis,USA,M
4749,Jennifer Jones,Germany,F
4750,James Miller,France,M
4751,William Rodriguez,Australia,M
4752,Linda Johnson,India,F
4753,Jessica Brown,France,F
4754,Daniel Williams,Brazil,M
4755,Charles Davis,India,M
4756,Sarah Miller,Australia,F
4757,Michael Davis,Canada,M
4758,James Davis,Germany,M
4759,Robert Wilson,India,M
4760,Robert Williams,Australia,M
4761,Mary Davis,Germany,F
4762,Elizabeth Johnson,Canada,F
4763,Patricia Williams,UK,F
4764,Joseph Smith,UK,M
4765,Michael Jones,Brazil,M
4766,Linda Johnson,India,F
4767,Susan Rodriguez,Spain,F
4768,Michael Williams,Brazil,M
4769,Elizabeth Smith,France,F
4770,Patricia Garcia,Germany,F
4771,Patricia Davis,France,F
4772,Sarah Miller,Australia,F
4773,David Davis,UK,M
4774,Thomas Jones,Italy,M
4775,Linda Davis,Italy,F
4776,Charles Williams,India,M
4777,Thomas Brown,Canada,M
4778,Charles Rodriguez,Germany,M
4779,Susan Jones,India,F
4780,John Smith,India,M
4781,Susan Garcia,Italy,F
4782,Jessica Miller,India,F
4783,Jennifer Davis,Germany,F
4784,Mary Johnson,Canada,F
4785,Robert Johnson,USA,M
4786,Mary Jones,UK,F
4787,Barbara Miller,France,F
4788,Jessica Rodriguez,Spain,F
4789,Barbara Davis,India,F
4790,John Jones,Germany,M
4791,Karen Wilson,Australia,F
4792,Karen Johnson,Brazil,F
4793,William Wilson,Australia,M
4794,Mary Johnson,Italy,F
4795,Elizabeth Garcia,Spain,F
4796,Jennifer Garcia,UK,F
4797,Mary Johnson,France,F
4798,Daniel Brown,Canada,M
4799,William Wilson,Australia,M
4800,Thomas Brown,Brazil,M
4801,Robert Smith,Canada,M
4802,Jennifer Jones,France,F
4803,William Garcia,Canada,M
4804,Patricia Williams,Germany,F
4805,Mary Smith,Australia,F
4806,William Williams,Canada,M
4807,Sarah Garcia,Italy,F
4808,Charles Johnson,Spain,M
4809,Thomas Davis,Brazil,M
4810,Susan Rodriguez,Brazil,F
4811,Elizabeth Rodriguez,USA,F
4812,Sarah Jones,Canada,F
4813,Daniel Davis,Germany,M
4814,David Wilson,Canada,M
4815,Charles Brown,Australia,M
4816,Linda Garcia,India,F
4817,Jennifer Garcia,Germany,F
4818,Susan Miller,Canada,F
4819,Charles Jones,UK,M
4820,David Miller,USA,M
4821,Daniel Johnson,Italy,M
4822,Jennifer Rodriguez,Spain,F
4823,Susan Johnson,Australia,F
4824,William Miller,France,M
4825,Linda Miller,Italy,F
4826,Charles Rodriguez,Spain,M
4827,David Williams,USA,M
4828,David Miller,France,M
4829,Joseph Wilson,France,M
4830,Michael Davis,Canada,M
4831,Patricia Williams,UK,F
4832,Mary Jones,Spain,F
4833,Barbara Miller,Canada,F
4834,Elizabeth Garcia,UK,F
4835,John Miller,Spain,M
4836,Barbara Rodriguez,Australia,F
4837,Robert Brown,Brazil,M
4838,Patricia Jones,Italy,F
4839,William Smith,UK,M
4840,Sarah Miller,France,F
4841,Thomas Rodriguez,Italy,M
4842,Susan Brown,Italy,F
4843,Elizabeth Garcia,Germany,F
4844,David Garcia,UK,M
4845,Patricia Rodriguez,Germany,F
4846,Thomas Brown,UK,M
4847,David Smith,India,M
4848,Joseph Garcia,UK,M
4849,Susan Davis,Italy,F
4850,David Brown,France,M
4851,Linda Davis,Germany,F
4852,Daniel Johnson,Australia,M
4853,Robert Garcia,Canada,M
4854,James Williams,Brazil,M
4855,Jessica Davis,UK,F
4856,James Jones,UK,M
4857,Mary Jones,Brazil,F
4858,Jennifer Jones,UK,F
4859,Daniel Jones,France,M
4860,Michael Smith,France,M
4861,Michael Davis,Italy,M
4862,David Wilson,Spain,M
4863,James Brown,India,M
4864,Barbara Williams,UK,F
4865,Elizabeth Jones,Australia,F
4866,John Williams,Spain,M
4867,Karen Jones,India,F
4868,Jennifer Davis,Germany,F
4869,Charles Johnson,USA,M
4870,Mary Brown,UK,F
4871,Elizabeth Johnson,India,F
4872,Linda Williams,Italy,F
4873,Robert Johnson,India,M
4874,Susan Smith,Australia,F
4875,William Wilson,Spain,M
4876,Michael Williams,USA,M
4877,Linda Brown,Brazil,F
4878,Daniel Williams,Canada,M
4879,Charles Garcia,Canada,M
4880,Daniel Miller,India,M
4881,Thomas Brown,Spain,M
4882,John Garcia,Germany,M
4883,Karen Miller,Spain,F
4884,Charles Brown,UK,M
4885,David Brown,Germany,M
4886,Patricia Smith,Italy,F
4887,Joseph Garcia,France,M
4888,David Miller,Germany,M
4889,William Brown,Canada,M
4890,James Smith,UK,M
4891,William Miller,Spain,M
4892,Mary Smith,Spain,F
4893,Linda Davis,Canada,F
4894,Mary Brown,Italy,F
4895,James Brown,Italy,M
4896,John Garcia,India,M
4897,Jessica Jones,France,F
4898,David Jones,India,M
4899,David Miller,Germany,M
4900,Michael Brown,Australia,M
4901,Patricia Smith,Italy,F
4902,Elizabeth Williams,Spain,F
4903,Sarah Williams,France,F
4904,Daniel Rodriguez,Australia,M
4905,William Jones,Canada,M
4906,William Rodriguez,Germany,M
4907,Karen Brown,Italy,F
4908,Susan Smith,USA,F
4909,William Miller,Canada,M
4910,David Wilson,USA,M
4911,David Rodriguez,Germany,M
4912,Mary Garcia,India,F
4913,Thomas Williams,Brazil,M
4914,Thomas Rodriguez,Canada,M
4915,William Jones,Australia,M
4916,Susan Johnson,India,F
4917,William Williams,Spain,M
4918,Joseph Miller,Canada,M
4919,Mary Garcia,India,F
4920,Jessica Garcia,USA,F
4921,David Garcia,Brazil,M
4922,William Miller,France,M
4923,Patricia Johnson,Italy,F
4924,Patricia Garcia,Canada,F
4925,Jessica Garcia,USA,F
4926,Susan Williams,Spain,F
4927,Charles Garcia,USA,M
4928,Michael Jones,Germany,M
4929,William Davis,Canada,M
4930,Thomas Garcia,USA,M
4931,Karen Johnson,Italy,F
4932,Jennifer Johnson,USA,F
4933,Robert Miller,USA,M
4934,Thomas Jones,France,M
4935,Robert Davis,Australia,M
4936,David Miller,Germany,M
4937,Michael Wilson,Brazil,M
4938,Mary Miller,Australia,F
4939,Charles Brown,USA,M
4940,John Jones,USA,M
4941,William Brown,USA,M
4942,Daniel Jones,India,M
4943,William Davis,Brazil,M
4944,Karen Brown,Germany,F
4945,Linda Davis,Canada,F
4946,Susan Smith,Italy,F
4947,Michael Rodriguez,Australia,M
4948,Joseph Johnson,Italy,M
4949,Karen Rodriguez,Australia,F
4950,Robert Davis,Spain,M
4951,Charles Johnson,USA,M
4952,William Smith,France,M
4953,Elizabeth Rodriguez,France,F
4954,James Miller,Italy,M
4955,David Williams,UK,M
4956,Susan Wilson,France,F
4957,Patricia Smith,Spain,F
4958,Karen Miller,Australia,F
4959,Susan Davis,USA,F
4960,Barbara Brown,UK,F
4961,Karen Smith,Canada,F
4962,Mary Miller,Canada,F
4963,Jessica Miller,India,F
4964,James Wilson,Italy,M
4965,Michael Johnson,Brazil,M
4966,Michael Brown,Spain,M
4967,James Garcia,France,M
4968,Michael Miller,India,M
4969,Karen Garcia,Brazil,F
4970,Jessica Williams,Brazil,F
4971,Joseph Jones,Canada,M
4972,Daniel Rodriguez,France,M
4973,William Davis,USA,M
4974,Mary Williams,UK,F
4975,Robert Johnson,UK,M
4976,Charles Williams,Brazil,M
4977,Robert Garcia,Brazil,M
4978,Daniel Smith,Italy,M
4979,Daniel Smith,Spain,M
4980,Mary Rodriguez,Canada,F
4981,Mary Jones,UK,F
4982,Linda Miller,Brazil,F
4983,Karen Rodriguez,Italy,F
4984,Susan Wilson,Italy,F
4985,Michael Davis,UK,M
4986,Patricia Rodriguez,Brazil,F
4987,John Wilson,USA,M
4988,Mary Johnson,Canada,F
4989,Mary Smith,France,F
4990,Patricia Brown,UK,F
4991,Susan Davis,Australia,F
4992,Jessica Smith,Germany,F
4993,Charles Smith,Germany,M
4994,Patricia Smith,Australia,F
4995,Michael Williams,USA,M
4996,Jennifer Smith,France,F
4997,Michael Garcia,Brazil,M
4998,Daniel Jones,India,M
4999,Susan Davis,Germany,F
5000,David Wilson,France,M
5001,Susan Wilson,Canada,F
5002,Robert Wilson,France,M
5003,Thomas Wilson,Canada,M
5004,Charles Smith,France,M
5005,Patricia Miller,Spain,F
5006,Mary Rodriguez,Australia,F
5007,John Smith,France,M
5008,Joseph Davis,UK,M
5009,Patricia Garcia,UK,F
5010,Mary Wilson,Italy,F
5011,Daniel Miller,Australia,M
5012,Robert Jones,Canada,M
5013,Sarah Davis,India,F
5014,Daniel Johnson,Spain,M
5015,Jessica Garcia,USA,F
5016,Robert Davis,Australia,M
5017,Michael Johnson,India,M
5018,William Davis,Germany,M
5019,Linda Jones,USA,F
5020,Thomas Garcia,Canada,M
5021,David Jones,Spain,M
5022,Elizabeth Miller,Spain,F
5023,Joseph Wilson,Italy,M
5024,Sarah Jones,Canada,F
5025,Robert Miller,Italy,M
5026,Barbara Garcia,France,F
5027,Thomas Miller,Australia,M
5028,Susan Rodriguez,UK,F
5029,Karen Smith,Italy,F
5030,Sarah Williams,Australia,F
5031,Jennifer Garcia,India,F
5032,Michael Brown,Canada,M
5033,Charles Brown,Canada,M
5034,Patricia Miller,Canada,F
5035,Karen Smith,USA,F
5036,Mary Wilson,UK,F
5037,Karen Miller,Spain,F
5038,Thomas Johnson,India,M
5039,Sarah Williams,France,F
5040,Robert Rodriguez,India,M
5041,Elizabeth Davis,USA,F
5042,Thomas Miller,USA,M
5043,Joseph Wilson,USA,M
5044,Karen Williams,Brazil,F
5045,Linda Wilson,Spain,F
5046,Jessica Smith,Germany,F
5047,Daniel Garcia,Germany,M
5048,Joseph Garcia,Germany,M
5049,Patricia Brown,USA,F
5050,Charles Wilson,Australia,M
5051,Susan Brown,Brazil,F
5052,Patricia Jones,Canada,F
5053,Barbara Jones,Australia,F
5054,Joseph Smith,Spain,M
5055,William Miller,Canada,M
5056,Susan Smith,USA,F
5057,Thomas Brown,Brazil,M
5058,Sarah Rodriguez,India,F
5059,Robert Brown,Germany,M
5060,Mary Brown,Germany,F
5061,Jessica Smith,Italy,F
5062,William Brown,Brazil,M
5063,Daniel Williams,Italy,M
5064,Barbara Williams,Brazil,F
5065,Patricia Williams,France,F
5066,Susan Brown,India,F
5067,Sarah Wilson,Australia,F
5068,Daniel Rodriguez,USA,M
5069,Barbara Brown,Australia,F
5070,Jessica Williams,Italy,F
5071,Elizabeth Brown,Brazil,F
5072,Robert Johnson,Australia,M
5073,Jessica Jones,Brazil,F
5074,Thomas Brown,Germany,M
5075,Jennifer Smith,India,F
5076,James Johnson,India,M
5077,Patricia Garcia,France,F
5078,Jennifer Brown,Spain,F
5079,Thomas Smith,France,M
5080,John Brown,India,M
5081,Charles Miller,USA,M
5082,Charles Davis,USA,M
5083,Robert Johnson,Spain,M
5084,Susan Brown,Spain,F
5085,Elizabeth Brown,Spain,F
5086,Barbara Rodriguez,Spain,F
5087,Sarah Miller,Spain,F
5088,Robert Wilson,Brazil,M
5089,Sarah Davis,Spain,F
5090,Robert Williams,Australia,M
5091,Barbara Wilson,Canada,F
5092,Sarah Smith,Spain,F
5093,John Wilson,France,M
5094,Joseph Miller,Canada,M
5095,Barbara Wilson,France,F
5096,John Johnson,Brazil,M
5097,James Jones,USA,M
5098,David Davis,Brazil,M
5099,Charles Williams,France,M
5100,David Williams,Italy,M
5101,Joseph Rodriguez,Italy,M
5102,Jessica Rodriguez,Spain,F
5103,Jennifer Smith,Germany,F
5104,Charles Brown,Germany,M
5105,Robert Rodriguez,Brazil,M
5106,Barbara Williams,Spain,F
5107,Linda Davis,Spain,F
5108,Barbara Brown,Germany,F
5109,Jennifer Smith,Australia,F
5110,Michael Johnson,India,M
5111,Jennifer Davis,Brazil,F
5112,Sarah Miller,Germany,F
5113,Mary Garcia,Spain,F
5114,Patricia Davis,Spain,F
5115,Patricia Brown,UK,F
5116,Daniel Garcia,Italy,M
5117,Michael Miller,Brazil,M
5118,Barbara Williams,UK,F
5119,Elizabeth Williams,Spain,F
5120,Karen Garcia,Australia,F
5121,Michael Wilson,UK,M
5122,John Miller,France,M
5123,David Garcia,France,M
5124,Jessica Smith,Germany,F
5125,Mary Garcia,France,F
5126,James Smith,Brazil,M
5127,Patricia Miller,France,F
5128,Charles Brown,UK,M
5129,Elizabeth Smith,India,F
5130,Patricia Williams,UK,F
5131,Daniel Williams,India,M
5132,Michael Johnson,Italy,M
5133,David Rodriguez,Brazil,M
5134,Patricia Miller,Brazil,F
5135,Elizabeth Johnson,UK,F
5136,Susan Jones,UK,F
5137,Jessica Garcia,Brazil,F
5138,Charles Williams,Australia,M
5139,Linda Williams,UK,F
5140,Sarah Rodriguez,Australia,F
5141,Jennifer Williams,Germany,F
5142,Robert Davis,Brazil,M
5143,Barbara Smith,Canada,F
5144,Joseph Rodriguez,Brazil,M
5145,Robert Williams,Germany,M
5146,Sarah Johnson,Italy,F
5147,Karen Smith,Brazil,F
5148,Robert Smith,Canada,M
5149,James Smith,France,M
5150,Jessica Wilson,Australia,F
5151,Charles Davis,Canada,M
5152,Karen Davis,Australia,F
5153,Michael Brown,Italy,M
5154,James Jones,Italy,M
5155,Joseph Wilson,Germany,M
5156,Jennifer Davis,India,F
5157,Thomas Garcia,Italy,M
5158,Susan Wilson,Brazil,F
5159,John Davis,USA,M
5160,Karen Rodriguez,Brazil,F
5161,Elizabeth Garcia,India,F
5162,Jessica Davis,USA,F
5163,John Miller,Germany,M
5164,Susan Rodriguez,Germany,F
5165,Thomas Williams,Germany,M
5166,Thomas Wilson,India,M
5167,Mary Garcia,Spain,F
5168,John Wilson,India,M
5169,Karen Rodriguez,Brazil,F
5170,Thomas Wilson,Canada,M
5171,Michael Jones,Spain,M
5172,Linda Jones,Germany,F
5173,Barbara Brown,India,F
5174,Robert Davis,USA,M
5175,Barbara Wilson,UK,F
5176,Elizabeth Smith,Brazil,F
5177,Mary Miller,Spain,F
5178,Daniel Wilson,India,M
5179,Jennifer Wilson,UK,F
5180,David Davis,India,M
5181,William Jones,USA,M
5182,Joseph Jones,Brazil,M
5183,Sarah Smith,Brazil,F
5184,John Garcia,UK,M
5185,Patricia Rodriguez,USA,F
5186,Charles Miller,Germany,M
5187,Sarah Smith,France,F
5188,Susan Davis,Brazil,F
5189,David Williams,USA,M
5190,Daniel Williams,Australia,M
5191,Jennifer Williams,Spain,F
5192,Joseph Wilson,Canada,M
5193,Barbara Rodriguez,Spain,F
5194,Joseph Rodriguez,France,M
5195,Daniel Wilson,Germany,M
5196,Linda Jones,Canada,F
5197,Robert Williams,USA,M
5198,Thomas Johnson,USA,M
5199,Patricia Garcia,India,F
5200,Daniel Rodriguez,UK,M
5201,Robert Wilson,Spain,M
5202,Sarah Williams,Canada,F
5203,John Williams,Canada,M
5204,Patricia Wilson,Brazil,F
5205,Joseph Miller,Australia,M
5206,Charles Johnson,France,M
5207,James Johnson,Canada,M
5208,Jessica Williams,Australia,F
5209,Jennifer Brown,Australia,F
5210,Mary Brown,Canada,F
5211,Jennifer Davis,Italy,F
5212,Barbara Jones,Spain,F
5213,Mary Davis,USA,F
5214,Sarah Miller,Germany,F
5215,Jessica Davis,Australia,F
5216,David Brown,Brazil,M
5217,Thomas Williams,UK,M
5218,Thomas Jones,Brazil,M
5219,Jessica Johnson,UK,F
5220,Elizabeth Smith,Spain,F
5221,Thomas Smith,France,M
5222,Patricia Miller,Italy,F
5223,Elizabeth Wilson,France,F
5224,Susan Garcia,Canada,F
5225,Robert Brown,France,M
5226,David Smith,India,M
5227,Daniel Wilson,Italy,M
5228,Jessica Davis,Spain,F
5229,Thomas Miller,Spain,M
5230,Barbara Johnson,Brazil,F
5231,Joseph Jones,Australia,M
5232,Susan Miller,Germany,F
5233,Linda Williams,Australia,F
5234,Mary Williams,Spain,F
5235,Daniel Williams,Brazil,M
5236,Charles Miller,UK,M
5237,Barbara Williams,Spain,F
5238,Barbara Davis,Canada,F
5239,John Johnson,Spain,M
5240,Robert Johnson,Italy,M
5241,Elizabeth Williams,Canada,F
5242,Susan Davis,France,F
5243,Elizabeth Wilson,Germany,F
5244,Joseph Davis,Italy,M
5245,Jennifer Wilson,UK,F
5246,William Rodriguez,USA,M
5247,Robert Davis,Italy,M
5248,David Davis,Germany,M
5249,John Williams,Italy,M
5250,James Rodriguez,France,M
5251,Mary Garcia,France,F
5252,Barbara Smith,Germany,F
5253,Michael Davis,Italy,M
5254,Elizabeth Brown,Germany,F
5255,Joseph Garcia,France,M
5256,Charles Garcia,France,M
5257,Michael Garcia,Germany,M
5258,Daniel Miller,Australia,M
5259,Joseph Wilson,Australia,M
5260,Karen Brown,India,F
5261,Karen Brown,Italy,F
5262,Karen Garcia,India,F
5263,Jessica Williams,Brazil,F
5264,Elizabeth Williams,Canada,F
5265,Thomas Johnson,India,M
5266,John Williams,Australia,M
5267,Barbara Williams,Germany,F
5268,Michael Williams,Canada,M
5269,Daniel Brown,India,M
5270,Joseph Miller,USA,M
5271,Jennifer Miller,Germany,F
5272,Jennifer Smith,Spain,F
5273,Daniel Davis,USA,M
5274,Mary Rodriguez,Canada,F
5275,Barbara Garcia,Italy,F
5276,Susan Rodriguez,Canada,F
5277,James Miller,Italy,M
5278,William Rodriguez,Spain,M
5279,Michael Williams,Spain,M
5280,Elizabeth Wilson,Germany,F
5281,John Jones,Germany,M
5282,Michael Garcia,Australia,M
5283,Linda Johnson,France,F
5284,Barbara Garcia,Brazil,F
5285,Karen Rodriguez,UK,F
5286,John Smith,Italy,M
5287,Susan Wilson,Italy,F
5288,Sarah Williams,UK,F
5289,Susan Miller,France,F
5290,Susan Smith,Brazil,F
5291,David Williams,USA,M
5292,Thomas Smith,Brazil,M
5293,Jessica Davis,France,F
5294,Patricia Smith,France,F
5295,Robert Johnson,Italy,M
5296,Robert Davis,UK,M
5297,Jennifer Johnson,USA,F
5298,Joseph Johnson,Spain,M
5299,Thomas Wilson,Canada,M
5300,Elizabeth Rodriguez,France,F
5301,William Wilson,Canada,M
5302,Jessica Smith,Brazil,F
5303,Michael Brown,India,M
5304,Elizabeth Jones,India,F
5305,Jessica Garcia,Italy,F
5306,Barbara Garcia,Canada,F
5307,Daniel Garcia,Brazil,M
5308,James Wilson,Germany,M
5309,Joseph Smith,Canada,M
5310,Linda Smith,Canada,F
5311,Jessica Smith,USA,F
5312,Barbara Davis,Italy,F
5313,Karen Rodriguez,Germany,F
5314,Thomas Rodriguez,USA,M
5315,Linda Smith,Germany,F
5316,Robert Smith,Italy,M
5317,Robert Brown,Germany,M
5318,Michael Rodriguez,USA,M
5319,Michael Garcia,Australia,M
5320,Robert Jones,Brazil,M
5321,Robert Wilson,France,M
5322,John Miller,France,M
5323,Jennifer Brown,India,F
5324,Charles Johnson,Brazil,M
5325,Patricia Smith,USA,F
5326,Daniel Jones,Brazil,M
5327,Linda Miller,Germany,F
5328,Thomas Rodriguez,Canada,M
5329,Linda Brown,Germany,F
5330,Jennifer Miller,Canada,F
5331,Robert Johnson,France,M
5332,John Wilson,Canada,M
5333,Karen Wilson,Germany,F
5334,Charles Rodriguez,Germany,M
5335,John Smith,USA,M
5336,Elizabeth Garcia,USA,F
5337,Charles Davis,Spain,M
5338,Joseph Miller,Germany,M
5339,Michael Smith,Brazil,M
5340,Barbara Garcia,Spain,F
5341,Mary Brown,Italy,F
5342,Mary Garcia,France,F
5343,Sarah Johnson,Canada,F
5344,John Williams,France,M
5345,Mary Davis,Germany,F
5346,Daniel Smith,India,M
5347,Charles Williams,Germany,M
5348,Michael Wilson,France,M
5349,James Williams,France,M
5350,Linda Wilson,Brazil,F
5351,Michael Jones,Italy,M
5352,Mary Miller,Germany,F
5353,Charles Miller,Italy,M
5354,Susan Smith,Brazil,F
5355,Charles Brown,Brazil,M
5356,Thomas Rodriguez,France,M
5357,William Jones,India,M
5358,David Davis,Spain,M
5359,William Brown,Italy,M
5360,Mary Smith,UK,F
5361,Charles Williams,France,M
5362,Linda Wilson,Italy,F
5363,Daniel Davis,France,M
5364,David Davis,Brazil,M
5365,Thomas Miller,Australia,M
5366,David Miller,Italy,M
5367,Michael Davis,Spain,M
5368,James Brown,Australia,M
5369,Robert Williams,Germany,M
5370,Michael Wilson,Spain,M
5371,Susan Miller,India,F
5372,Jennifer Garcia,Brazil,F
5373,Linda Wilson,Australia,F
5374,Barbara Davis,Canada,F
5375,Karen Miller,Brazil,F
5376,Joseph Wilson,Germany,M
5377,Karen Williams,Italy,F
5378,Charles Rodriguez,UK,M
5379,David Jones,Italy,M
5380,Thomas Davis,USA,M
5381,Jessica Davis,Spain,F
5382,Barbara Smith,Germany,F
5383,Mary Miller,Brazil,F
5384,Karen Smith,India,F
5385,John Williams,Italy,M
5386,Sarah Wilson,UK,F
5387,Joseph Jones,Germany,M
5388,William Miller,Brazil,M
5389,James Miller,Germany,M
5390,Susan Garcia,India,F
5391,Mary Jones,Australia,F
5392,Charles Wilson,USA,M
5393,Robert Jones,Spain,M
5394,Daniel Rodriguez,India,M
5395,Patricia Miller,Australia,F
5396,Barbara Davis,Spain,F
5397,John Jones,USA,M
5398,Jessica Garcia,Brazil,F
5399,Mary Rodriguez,Italy,F
5400,Joseph Johnson,USA,M
5401,Sarah Garcia,USA,F
5402,Joseph Johnson,Australia,M
5403,Charles Jones,Australia,M
5404,John Jones,UK,M
5405,David Garcia,Australia,M
5406,Sarah Wilson,India,F
5407,Mary Jones,Australia,F
5408,Patricia Smith,Germany,F
5409,Michael Rodriguez,India,M
5410,Sarah Miller,Germany,F
5411,Jennifer Davis,Brazil,F
5412,Robert Wilson,USA,M
5413,Susan Johnson,Spain,F
5414,Thomas Davis,Brazil,M
5415,Karen Davis,Australia,F
5416,Thomas Davis,Canada,M
5417,William Rodriguez,India,M
5418,Mary Jones,USA,F
5419,James Smith,Australia,M
5420,Joseph Johnson,Brazil,M
5421,David Smith,Spain,M
5422,Robert Rodriguez,Spain,M
5423,Michael Jones,Germany,M
5424,Susan Wilson,Spain,F
5425,Mary Garcia,France,F
5426,John Brown,Spain,M
5427,Patricia Williams,Australia,F
5428,Karen Brown,France,F
5429,Charles Rodriguez,Canada,M
5430,William Wilson,USA,M
5431,Mary Brown,UK,F
5432,Joseph Wilson,India,M
5433,Karen Garcia,India,F
5434,Elizabeth Jones,India,F
5435,James Johnson,France,M
5436,Jessica Johnson,France,F
5437,Barbara Brown,USA,F
5438,James Rodriguez,Italy,M
5439,Karen Smith,Australia,F
5440,David Garcia,France,M
5441,Joseph Davis,Australia,M
5442,Sarah Wilson,USA,F
5443,Joseph Davis,France,M
5444,Robert Williams,Italy,M
5445,Barbara Jones,Australia,F
5446,James Miller,Germany,M
5447,Patricia Jones,Brazil,F
5448,Joseph Garcia,Australia,M
5449,David Rodriguez,France,M
5450,John Jones,USA,M
5451,James Johnson,Brazil,M
5452,Michael Johnson,USA,M
5453,Michael Johnson,Australia,M
5454,Jessica Davis,Spain,F
5455,John Miller,Germany,M
5456,Karen Miller,UK,F
5457,Charles Miller,Spain,M
5458,David Johnson,Brazil,M
5459,Robert Williams,Canada,M
5460,Michael Brown,Brazil,M
5461,Joseph Johnson,Spain,M
5462,James Davis,Canada,M
5463,Daniel Davis,Spain,M
5464,Mary Brown,India,F
5465,Susan Rodriguez,USA,F
5466,William Rodriguez,USA,M
5467,Barbara Wilson,USA,F
5468,Karen Smith,Italy,F
5469,Barbara Miller,UK,F
5470,Jennifer Rodriguez,France,F
5471,Karen Wilson,Italy,F
5472,Thomas Davis,India,M
5473,Linda Smith,France,F
5474,Michael Wilson,UK,M
5475,James Williams,Canada,M
5476,Mary Brown,Australia,F
5477,Daniel Brown,Canada,M
5478,Barbara Brown,Australia,F
5479,Linda Jones,Germany,F
5480,Joseph Jones,India,M
5481,Sarah Miller,Australia,F
5482,Jessica Wilson,Germany,F
5483,Jessica Miller,Australia,F
5484,Sarah Wilson,UK,F
5485,David Rodriguez,UK,M
5486,William Miller,Canada,M
5487,Daniel Williams,Germany,M
5488,Karen Garcia,France,F
5489,Daniel Williams,France,M
5490,Robert Williams,Brazil,M
5491,Michael Brown,Germany,M
5492,James Davis,India,M
5493,Jessica Williams,France,F
5494,Daniel Williams,Canada,M
5495,Michael Wilson,Spain,M
5496,Robert Smith,Spain,M
5497,Charles Williams,Brazil,M
5498,Jessica Garcia,UK,F
5499,Linda Miller,Italy,F
5500,Daniel Williams,Germany,M
5501,James Jones,France,M
5502,Karen Williams,Italy,F
5503,David Davis,Brazil,M
5504,Jennifer Smith,Brazil,F
5505,John Miller,Australia,M
5506,Sarah Davis,Canada,F
5507,Thomas Miller,Germany,M
5508,Sarah Wilson,USA,F
5509,Jessica Brown,USA,F
5510,Elizabeth Miller,UK,F
5511,Charles Miller,Australia,M
5512,Susan Smith,Australia,F
5513,Robert Smith,Australia,M
5514,Joseph Miller,France,M
5515,Joseph Jones,India,M
5516,Jennifer Brown,Italy,F
5517,Robert Davis,Spain,M
5518,Susan Garcia,France,F
5519,Daniel Miller,Australia,M
5520,James Johnson,USA,M
5521,John Garcia,Canada,M
5522,Patricia Miller,Brazil,F
5523,Patricia Miller,UK,F
5524,Thomas Brown,India,M
5525,David Davis,USA,M
5526,James Rodriguez,India,M
5527,Susan Rodriguez,India,F
5528,Elizabeth Rodriguez,Canada,F
5529,Daniel Garcia,Italy,M
5530,Patricia Brown,Spain,F
5531,Daniel Brown,France,M
5532,Sarah Williams,France,F
5533,Barbara Brown,Germany,F
5534,Michael Rodriguez,Canada,M
5535,Patricia Williams,Canada,F
5536,Elizabeth Garcia,France,F
5537,Jessica Brown,Italy,F
5538,David Miller,Italy,M
5539,William Rodriguez,India,M
5540,David Davis,Germany,M
5541,Michael Miller,India,M
5542,Barbara Wilson,Italy,F
5543,Charles Davis,Italy,M
5544,Jessica Brown,Australia,F
5545,Barbara Johnson,Canada,F
5546,Daniel Davis,Canada,M
5547,Michael Johnson,Spain,M
5548,Linda Garcia,Italy,F
5549,Linda Jones,Brazil,F
5550,Patricia Jones,USA,F
5551,Daniel Smith,India,M
5552,Charles Rodriguez,Italy,M
5553,Charles Rodriguez,Australia,M
5554,Patricia Smith,Australia,F
5555,Patricia Williams,Australia,F
5556,Mary Johnson,France,F
5557,John Smith,France,M
5558,Joseph Miller,Canada,M
5559,Charles Smith,Spain,M
5560,Mary Smith,India,F
5561,Jessica Williams,India,F
5562,Elizabeth Davis,France,F
5563,Patricia Smith,India,F
5564,Elizabeth Smith,USA,F
5565,Sarah Williams,Canada,F
5566,Sarah Williams,Canada,F
5567,James Williams,Italy,M
5568,William Rodriguez,Italy,M
5569,Karen Rodriguez,Spain,F
5570,Mary Williams,India,F
5571,Linda Williams,Australia,F
5572,Jennifer Garcia,Germany,F
5573,Sarah Rodriguez,Italy,F
5574,James Miller,Australia,M
5575,Susan Williams,UK,F
5576,Karen Rodriguez,India,F
5577,Jessica Johnson,UK,F
5578,Sarah Johnson,UK,F
5579,Jessica Garcia,Italy,F
5580,Thomas Rodriguez,Brazil,M
5581,William Wilson,USA,M
5582,Thomas Smith,Australia,M
5583,James Williams,India,M
5584,Joseph Davis,Canada,M
5585,Charles Davis,Canada,M
5586,Susan Rodriguez,France,F
5587,Patricia Rodriguez,Italy,F
5588,James Smith,USA,M
5589,Patricia Garcia,Brazil,F
5590,Thomas Smith,France,M
5591,Michael Williams,UK,M
5592,William Williams,Canada,M
5593,Charles Williams,Spain,M
5594,Karen Johnson,Germany,F
5595,John Johnson,India,M
5596,Sarah Rodriguez,Brazil,F
5597,Patricia Davis,Spain,F
5598,Patricia Miller,Germany,F
5599,Jessica Garcia,Australia,F
5600,Daniel Rodriguez,France,M
5601,Karen Jones,Germany,F
5602,James Miller,UK,M
5603,Linda Johnson,Canada,F
5604,Charles Rodriguez,Canada,M
5605,Robert Williams,Spain,M
5606,Sarah Williams,Brazil,F
5607,Barbara Garcia,Brazil,F
5608,Jessica Miller,USA,F
5609,John Smith,Germany,M
5610,James Garcia,France,M
5611,Michael Williams,USA,M
5612,James Garcia,India,M
5613,David Garcia,Australia,M
5614,Jessica Williams,Brazil,F
5615,Linda Williams,Canada,F
5616,Joseph Smith,Italy,M
5617,Daniel Miller,Italy,M
5618,Mary Brown,Canada,F
5619,James Johnson,Italy,M
5620,Charles Johnson,USA,M
5621,David Miller,UK,M
5622,David Wilson,Italy,M
5623,Jessica Smith,India,F
5624,Thomas Miller,Brazil,M
5625,Susan Davis,UK,F
5626,Barbara Johnson,France,F
5627,Daniel Davis,USA,M
5628,Patricia Wilson,Italy,F
5629,Sarah Wilson,Germany,F
5630,Barbara Rodriguez,Spain,F
5631,Jennifer Garcia,Brazil,F
5632,Joseph Williams,Germany,M
5633,Linda Miller,USA,F
5634,James Williams,USA,M
5635,Jessica Jones,Germany,F
5636,Joseph Jones,Canada,M
5637,Linda Garcia,France,F
5638,Robert Williams,Germany,M
5639,Karen Smith,Brazil,F
5640,Charles Wilson,UK,M
5641,Sarah Rodriguez,Australia,F
5642,Daniel Rodriguez,Germany,M
5643,Daniel Rodriguez,Brazil,M
5644,Patricia Smith,USA,F
5645,Robert Davis,Australia,M
5646,Karen Smith,Italy,F
5647,Thomas Davis,Australia,M
5648,William Brown,Italy,M
5649,Jessica Davis,USA,F
5650,Jennifer Davis,France,F
5651,Thomas Garcia,Brazil,M
5652,Jessica Brown,France,F
5653,William Williams,Canada,M
5654,Susan Jones,Canada,F
5655,Charles Garcia,Brazil,M
5656,Mary Williams,UK,F
5657,Jennifer Wilson,Brazil,F
5658,Sarah Rodriguez,Brazil,F
5659,Karen Jones,Australia,F
5660,Mary Jones,UK,F
5661,Mary Wilson,Canada,F
5662,Daniel Smith,Canada,M
5663,Sarah Miller,Italy,F
5664,William Miller,Australia,M
5665,Michael Rodriguez,France,M
5666,Karen Miller,France,F
5667,Thomas Smith,India,M
5668,Jessica Wilson,France,F
5669,Charles Jones,Australia,M
5670,Linda Wilson,India,F
5671,Jennifer Johnson,Brazil,F
5672,David Johnson,Germany,M
5673,David Johnson,UK,M
5674,David Johnson,Brazil,M
5675,Thomas Rodriguez,Australia,M
5676,William Rodriguez,USA,M
5677,Joseph Davis,France,M
5678,Michael Jones,India,M
5679,Patricia Williams,USA,F
5680,David Rodriguez,France,M
5681,Susan Brown,USA,F
5682,Jessica Miller,France,F
5683,Sarah Garcia,Brazil,F
5684,Sarah Davis,UK,F
5685,Robert Jones,India,M
5686,Jennifer Rodriguez,Canada,F
5687,Thomas Garcia,Brazil,M
5688,Mary Davis,Brazil,F
5689,David Jones,USA,M
5690,Daniel Smith,Australia,M
5691,Robert Garcia,India,M
5692,William Smith,Canada,M
5693,Jennifer Smith,Italy,F
5694,Jennifer Miller,Canada,F
5695,Barbara Miller,Canada,F
5696,David Miller,Spain,M
5697,Charles Rodriguez,Italy,M
5698,Robert Smith,Italy,M
5699,Thomas Davis,India,M
5700,Jennifer Miller,Germany,F
5701,James Rodriguez,Brazil,M
5702,Patricia Miller,Italy,F
5703,Elizabeth Wilson,Italy,F
5704,Joseph Johnson,Canada,M
5705,Thomas Wilson,India,M
5706,Daniel Miller,Canada,M
5707,Susan Smith,France,F
5708,Joseph Miller,France,M
5709,Charles Smith,France,M
5710,Jennifer Williams,USA,F
5711,Michael Wilson,Germany,M
5712,David Garcia,India,M
5713,Mary Williams,Brazil,F
5714,Charles Brown,Italy,M
5715,Jessica Smith,Italy,F
5716,Thomas Rodriguez,India,M
5717,Thomas Brown,France,M
5718,Robert Rodriguez,India,M
5719,Susan Garcia,Australia,F
5720,Mary Miller,India,F
5721,Barbara Wilson,India,F
5722,Jennifer Jones,Italy,F
5723,Sarah Miller,Spain,F
5724,John Jones,Canada,M
5725,David Johnson,USA,M
5726,Michael Smith,Canada,M
5727,Michael Smith,France,M
5728,Thomas Wilson,USA,M
5729,Elizabeth Smith,Australia,F
5730,Barbara Rodriguez,Canada,F
5731,Thomas Smith,UK,M
5732,Charles Johnson,India,M
5733,Susan Wilson,UK,F
5734,Daniel Rodriguez,Germany,M
5735,Charles Jones,Australia,M
5736,Thomas Smith,France,M
5737,Linda Miller,Brazil,F
5738,William Brown,USA,M
5739,Mary Jones,Italy,F
5740,Patricia Davis,USA,F
5741,Robert Jones,UK,M
5742,Michael Wilson,Brazil,M
5743,Barbara Williams,USA,F
5744,William Brown,UK,M
5745,Joseph Rodriguez,Germany,M
5746,Elizabeth Rodriguez,UK,F
5747,Jessica Jones,France,F
5748,Thomas Wilson,Italy,M
5749,William Johnson,India,M
5750,Robert Smith,Brazil,M
5751,Daniel Wilson,Germany,M
5752,Linda Jones,Spain,F
5753,John Garcia,USA,M
5754,Linda Johnson,Brazil,F
5755,Michael Miller,Australia,M
5756,Jennifer Garcia,UK,F
5757,Daniel Garcia,Italy,M
5758,Karen Davis,Australia,F
5759,Thomas Wilson,Italy,M
5760,Karen Brown,UK,F
5761,Michael Brown,France,M
5762,Elizabeth Johnson,Australia,F
5763,Charles Miller,Australia,M
5764,John Johnson,Brazil,M
5765,Karen Johnson,Australia,F
5766,Karen Wilson,France,F
5767,Mary Williams,Spain,F
5768,Thomas Johnson,Canada,M
5769,Karen Johnson,UK,F
5770,William Williams,Germany,M
5771,William Smith,USA,M
5772,Joseph Johnson,Brazil,M
5773,Linda Davis,UK,F
5774,Robert Johnson,Brazil,M
5775,James Smith,India,M
5776,Mary Miller,UK,F
5777,Susan Johnson,Australia,F
5778,Linda Brown,India,F
5779,William Jones,India,M
5780,David Smith,India,M
5781,Susan Rodriguez,UK,F
5782,Jessica Rodriguez,Germany,F
5783,Susan Jones,Brazil,F
5784,Barbara Johnson,Spain,F
5785,William Brown,Italy,M
5786,Joseph Garcia,Italy,M
5787,Daniel Wilson,Brazil,M
5788,Michael Davis,Australia,M
5789,Karen Davis,Italy,F
5790,Joseph Garcia,Brazil,M
5791,Susan Smith,France,F
5792,Jennifer Miller,Brazil,F
5793,Jennifer Smith,USA,F
5794,Jessica Williams,UK,F
5795,Daniel Williams,Canada,M
5796,Joseph Miller,UK,M
5797,Barbara Garcia,India,F
5798,John Wilson,Spain,M
5799,Barbara Rodriguez,UK,F
5800,William Miller,Australia,M
5801,Susan Rodriguez,Canada,F
5802,Robert Johnson,Australia,M
5803,Jessica Rodriguez,France,F
5804,David Brown,Spain,M
5805,Charles Brown,Italy,M
5806,Joseph Wilson,France,M
5807,James Smith,Germany,M
5808,Mary Jones,UK,F
5809,Jennifer Wilson,France,F
5810,Sarah Jones,Canada,F
5811,William Johnson,Italy,M
5812,Patricia Miller,Brazil,F
5813,Joseph Smith,Germany,M
5814,Mary Davis,Brazil,F
5815,Mary Wilson,Germany,F
5816,Elizabeth Wilson,Canada,F
5817,Mary Davis,India,F
5818,Daniel Miller,Canada,M
5819,Jessica Williams,Canada,F
5820,William Williams,USA,M
5821,Daniel Rodriguez,France,M
5822,Jennifer Wilson,Brazil,F
5823,Susan Rodriguez,Australia,F
5824,Patricia Rodriguez,India,F
5825,Michael Williams,France,M
5826,Jennifer Garcia,Canada,F
5827,Sarah Williams,Germany,F
5828,Patricia Miller,Brazil,F
5829,Daniel Rodriguez,France,M
5830,Sarah Wilson,India,F
5831,Michael Johnson,Australia,M
5832,Joseph Johnson,Australia,M
5833,William Smith,USA,M
5834,Thomas Wilson,Spain,M
5835,Susan Rodriguez,UK,F
5836,Patricia Miller,UK,F
5837,Daniel Smith,Italy,M
5838,Charles Johnson,India,M
5839,William Davis,UK,M
5840,Linda Brown,Spain,F
5841,Karen Miller,Italy,F
5842,James Rodriguez,Australia,M
5843,David Garcia,Italy,M
5844,Karen Smith,UK,F
5845,Michael Brown,Canada,M
5846,William Smith,Germany,M
5847,David Johnson,UK,M
5848,Thomas Wilson,Brazil,M
5849,Robert Rodriguez,Brazil,M
5850,Robert Garcia,Spain,M
5851,Joseph Jones,France,M
5852,Michael Jones,USA,M
5853,Elizabeth Miller,Brazil,F
5854,David Brown,Italy,M
5855,Elizabeth Rodriguez,UK,F
5856,John Johnson,USA,M
5857,William Rodriguez,India,M
5858,David Smith,Germany,M
5859,Charles Smith,USA,M
5860,Jennifer Davis,UK,F
5861,Sarah Jones,India,F
5862,Elizabeth Davis,France,F
5863,Elizabeth Williams,Canada,F
5864,David Brown,UK,M
5865,Elizabeth Smith,USA,F
5866,Elizabeth Rodriguez,Brazil,F
5867,Mary Wilson,Australia,F
5868,Elizabeth Williams,Australia,F
5869,Elizabeth Davis,UK,F
5870,Mary Wilson,Germany,F
5871,Elizabeth Rodriguez,India,F
5872,William Smith,Spain,M
5873,Barbara Garcia,UK,F
5874,Sarah Rodriguez,Canada,F
5875,Thomas Smith,India,M
5876,Charles Wilson,Germany,M
5877,Barbara Rodriguez,India,F
5878,Jessica Johnson,Canada,F
5879,Robert Jones,Italy,M
5880,Michael Garcia,Australia,M
5881,Elizabeth Rodriguez,Spain,F
5882,Jessica Rodriguez,Canada,F
5883,Barbara Davis,France,F
5884,David Miller,Spain,M
5885,Elizabeth Williams,Spain,F
5886,Daniel Miller,Australia,M
5887,Jennifer Wilson,Australia,F
5888,David Garcia,UK,M
5889,Michael Johnson,Spain,M
5890,Charles Miller,France,M
5891,William Garcia,USA,M
5892,Linda Miller,Spain,F
5893,Sarah Rodriguez,Spain,F
5894,Daniel Johnson,UK,M
5895,Thomas Garcia,Spain,M
5896,James Williams,France,M
5897,Charles Davis,USA,M
5898,Daniel Wilson,Brazil,M
5899,James Smith,France,M
5900,Thomas Davis,Spain,M
5901,Jessica Rodriguez,Australia,F
5902,Jennifer Johnson,UK,F
5903,James Garcia,USA,M
5904,James Johnson,India,M
5905,Thomas Williams,Spain,M
5906,Charles Garcia,India,M
5907,Elizabeth Davis,Brazil,F
5908,Karen Miller,India,F
5909,Barbara Miller,France,F
5910,Charles Wilson,Spain,M
5911,Joseph Davis,Spain,M
5912,Jessica Williams,Italy,F
5913,Charles Wilson,Italy,M
5914,Charles Garcia,Canada,M
5915,Linda Jones,Australia,F
5916,Susan Williams,Brazil,F
5917,Michael Smith,Italy,M
5918,Patricia Miller,Italy,F
5919,William Johnson,USA,M
5920,Mary Davis,Germany,F
5921,Patricia Jones,France,F
5922,Daniel Wilson,Spain,M
5923,David Miller,USA,M
5924,Sarah Garcia,Germany,F
5925,William Williams,Italy,M
5926,Thomas Rodriguez,USA,M
5927,Michael Smith,Australia,M
5928,Linda Davis,Italy,F
5929,Barbara Rodriguez,Canada,F
5930,Mary Rodriguez,Germany,F
5931,William Johnson,Spain,M
5932,Jennifer Rodriguez,Spain,F
5933,Barbara Miller,Brazil,F
5934,Linda Smith,USA,F
5935,Robert Smith,Canada,M
5936,Susan Wilson,India,F
5937,Elizabeth Williams,Germany,F
5938,Patricia Johnson,USA,F
5939,Linda Garcia,Canada,F
5940,Mary Garcia,Spain,F
5941,Barbara Smith,Canada,F
5942,Jennifer Williams,USA,F
5943,Jessica Williams,India,F
5944,Patricia Jones,Australia,F
5945,Karen Miller,Australia,F
5946,Jennifer Rodriguez,Brazil,F
5947,Joseph Miller,India,M
5948,Patricia Davis,USA,F
5949,William Rodriguez,Brazil,M
5950,James Johnson,Spain,M
5951,Susan Davis,Brazil,F
5952,Elizabeth Wilson,Spain,F
5953,Barbara Garcia,Germany,F
5954,Karen Brown,Italy,F
5955,Mary Johnson,USA,F
5956,Barbara Johnson,Italy,F
5957,James Jones,Brazil,M
5958,Patricia Williams,Italy,F
5959,Joseph Smith,UK,M
5960,John Miller,Germany,M
5961,Linda Davis,Italy,F
5962,Charles Johnson,Australia,M
5963,Elizabeth Rodriguez,Canada,F
5964,James Brown,Italy,M
5965,John Miller,Australia,M
5966,John Wilson,USA,M
5967,David Miller,India,M
5968,Joseph Williams,USA,M
5969,James Wilson,France,M
5970,Barbara Brown,India,F
5971,Charles Johnson,Italy,M
5972,Michael Williams,UK,M
5973,Joseph Miller,UK,M
5974,Joseph Jones,Germany,M
5975,Thomas Brown,India,M
5976,Barbara Miller,France,F
5977,Patricia Johnson,Brazil,F
5978,William Rodriguez,Germany,M
5979,Sarah Williams,Germany,F
5980,Jennifer Brown,USA,F
5981,James Miller,Brazil,M
5982,Thomas Jones,USA,M
5983,Patricia Miller,France,F
5984,Charles Johnson,India,M
5985,William Davis,Germany,M
5986,Karen Rodriguez,France,F
5987,Daniel Johnson,Spain,M
5988,Patricia Johnson,Brazil,F
5989,Elizabeth Johnson,Germany,F
5990,David Williams,Italy,M
5991,William Johnson,Spain,M
5992,Sarah Jones,Italy,F
5993,David Brown,Spain,M
5994,Elizabeth Williams,Spain,F
5995,Thomas Brown,Brazil,M
5996,Elizabeth Davis,Canada,F
5997,Linda Brown,USA,F
5998,Elizabeth Brown,France,F
5999,David Miller,France,M
6000,Karen Williams,France,F
6001,Charles Davis,UK,M
6002,Sarah Brown,Italy,F
6003,Patricia Miller,Australia,F
6004,Michael Jones,USA,M
6005,Jessica Garcia,USA,F
6006,Charles Smith,Spain,M
6007,Michael Wilson,Italy,M
6008,Thomas Johnson,Spain,M
6009,Daniel Williams,Germany,M
6010,Barbara Jones,India,F
6011,William Jones,Australia,M
6012,Susan Jones,Germany,F
6013,Barbara Brown,Germany,F
6014,Jennifer Miller,Germany,F
6015,Michael Miller,Australia,M
6016,Thomas Johnson,Australia,M
6017,John Jones,Canada,M
6018,Michael Davis,Italy,M
6019,Daniel Smith,India,M
6020,John Brown,Germany,M
6021,Daniel Johnson,Canada,M
6022,Barbara Miller,USA,F
6023,Mary Jones,USA,F
6024,Robert Rodriguez,Canada,M
6025,John Jones,UK,M
6026,Joseph Johnson,India,M
6027,James Rodriguez,India,M
6028,Barbara Garcia,Spain,F
6029,Mary Garcia,India,F
6030,Charles Rodriguez,USA,M
6031,Daniel Garcia,Germany,M
6032,Elizabeth Miller,Italy,F
6033,Susan Brown,Brazil,F
6034,Patricia Williams,Spain,F
6035,James Williams,Australia,M
6036,Mary Davis,USA,F
6037,Elizabeth Garcia,India,F
6038,Jessica Wilson,USA,F
6039,Karen Johnson,Spain,F
6040,Joseph Jones,India,M
6041,Barbara Davis,India,F
6042,Barbara Johnson,Italy,F
6043,James Garcia,Canada,M
6044,William Davis,France,M
6045,Linda Brown,USA,F
6046,John Garcia,Canada,M
6047,Elizabeth Jones,Brazil,F
6048,William Jones,Australia,M
6049,Daniel Rodriguez,Italy,M
6050,Thomas Jones,France,M
6051,Linda Davis,Germany,F
6052,Jennifer Jones,Spain,F
6053,William Miller,USA,M
6054,William Wilson,France,M
6055,Daniel Brown,France,M
6056,Mary Johnson,Spain,F
6057,Joseph Wilson,Australia,M
6058,William Rodriguez,India,M
6059,Susan Williams,Germany,F
6060,Mary Williams,India,F
6061,Elizabeth Davis,Spain,F
6062,Elizabeth Johnson,Italy,F
6063,Charles Brown,Germany,M
6064,Robert Williams,Italy,M
6065,Patricia Williams,USA,F
6066,Patricia Rodriguez,USA,F
6067,Barbara Williams,Germany,F
6068,Mary Jones,Canada,F
6069,Michael Jones,Germany,M
6070,Elizabeth Davis,Canada,F
6071,Linda Smith,UK,F
6072,Charles Jones,Canada,M
6073,Jessica Williams,Germany,F
6074,Susan Williams,Italy,F
6075,James Davis,Brazil,M
6076,William Rodriguez,France,M
6077,Charles Garcia,France,M
6078,Joseph Johnson,Brazil,M
6079,William Johnson,Australia,M
6080,Barbara Williams,India,F
6081,Mary Smith,Canada,F
6082,Charles Jones,Germany,M
6083,Charles Rodriguez,Spain,M
6084,Joseph Rodriguez,Canada,M
6085,Karen Brown,Germany,F
6086,Michael Davis,Germany,M
6087,Charles Garcia,USA,M
6088,Elizabeth Davis,Australia,F
6089,Linda Wilson,USA,F
6090,James Johnson,UK,M
6091,Robert Johnson,Germany,M
6092,Patricia Davis,Italy,F
6093,William Jones,Spain,M
6094,Robert Smith,France,M
6095,Michael Rodriguez,India,M
6096,Susan Jones,Spain,F
6097,Daniel Wilson,Brazil,M
6098,John Rodriguez,India,M
6099,Jennifer Johnson,Canada,F
6100,Susan Garcia,Spain,F
6101,Mary Brown,France,F
6102,Jessica Brown,India,F
6103,Charles Miller,Italy,M
6104,Elizabeth Garcia,Germany,F
6105,Daniel Jones,Italy,M
6106,Sarah Jones,Canada,F
6107,Patricia Wilson,Australia,F
6108,Joseph Brown,UK,M
6109,William Rodriguez,Brazil,M
6110,Karen Miller,USA,F
6111,Barbara Smith,Canada,F
6112,Mary Williams,India,F
6113,John Miller,Spain,M
6114,Linda Smith,UK,F
6115,Michael Johnson,France,M
6116,Susan Rodriguez,Canada,F
6117,Thomas Miller,Spain,M
6118,Michael Davis,Italy,M
6119,Linda Miller,Brazil,F
6120,James Jones,Spain,M
6121,Jessica Garcia,France,F
6122,Sarah Brown,UK,F
6123,Charles Garcia,India,M
6124,Mary Rodriguez,UK,F
6125,Joseph Davis,Spain,M
6126,Daniel Miller,Brazil,M
6127,Jennifer Wilson,Italy,F
6128,Michael Johnson,Germany,M
6129,Charles Brown,France,M
6130,Sarah Johnson,France,F
6131,Elizabeth Johnson,Spain,F
6132,Joseph Williams,USA,M
6133,Elizabeth Miller,India,F
6134,Karen Miller,Spain,F
6135,Thomas Miller,India,M
6136,Sarah Brown,India,F
6137,Daniel Smith,Canada,M
6138,William Brown,Australia,M
6139,David Williams,Brazil,M
6140,Michael Johnson,Australia,M
6141,James Garcia,USA,M
6142,Elizabeth Wilson,Brazil,F
6143,Susan Rodriguez,Australia,F
6144,James Jones,UK,M
6145,Patricia Davis,USA,F
6146,Barbara Brown,Brazil,F
6147,Robert Miller,India,M
6148,Elizabeth Williams,France,F
6149,Daniel Davis,Australia,M
6150,Mary Rodriguez,Brazil,F
6151,Karen Brown,India,F
6152,Daniel Brown,India,M
6153,Jessica Smith,Spain,F
6154,Joseph Smith,Italy,M
6155,William Miller,Canada,M
6156,Thomas Brown,Australia,M
6157,James Miller,Spain,M
6158,Jessica Davis,Australia,F
6159,John Williams,Australia,M
6160,Mary Jones,UK,F
6161,Karen Smith,Brazil,F
6162,Susan Smith,France,F
6163,Jennifer Smith,USA,F
6164,Barbara Davis,Brazil,F
6165,James Williams,UK,M
6166,Robert Williams,France,M
6167,John Miller,Canada,M
6168,Jennifer Williams,India,F
6169,Michael Johnson,India,M
6170,William Jones,India,M
6171,Jessica Garcia,Germany,F
6172,James Smith,France,M
6173,David Rodriguez,Spain,M
6174,James Jones,Canada,M
6175,Jennifer Miller,USA,F
6176,Michael Brown,Spain,M
6177,William Johnson,Brazil,M
6178,Joseph Wilson,France,M
6179,Karen Miller,India,F
6180,Robert Brown,Australia,M
6181,Sarah Brown,UK,F
6182,James Johnson,India,M
6183,Linda Brown,India,F
6184,Joseph Miller,UK,M
6185,Barbara Rodriguez,Germany,F
6186,Joseph Rodriguez,Spain,M
6187,Mary Smith,USA,F
6188,Linda Brown,USA,F
6189,Daniel Williams,France,M
6190,Robert Wilson,Spain,M
6191,Elizabeth Johnson,Brazil,F
6192,Patricia Smith,France,F
6193,Linda Rodriguez,India,F
6194,James Smith,Spain,M
6195,Karen Jones,Spain,F
6196,David Johnson,Canada,M
6197,Jennifer Miller,Spain,F
6198,Daniel Garcia,India,M
6199,John Johnson,Brazil,M
6200,Daniel Rodriguez,Brazil,M
6201,Michael Williams,India,M
6202,Susan Jones,UK,F
6203,Patricia Davis,Italy,F
6204,Karen Wilson,Australia,F
6205,Linda Smith,Canada,F
6206,Michael Wilson,Australia,M
6207,Jessica Garcia,Australia,F
6208,Charles Williams,Canada,M
6209,Daniel Smith,Canada,M
6210,David Davis,Canada,M
6211,Robert Williams,Australia,M
6212,Michael Wilson,UK,M
6213,Charles Rodriguez,Brazil,M
6214,Jessica Rodriguez,India,F
6215,David Wilson,Italy,M
6216,Mary Davis,Spain,F
6217,Linda Miller,Australia,F
6218,Susan Garcia,Spain,F
6219,John Wilson,Germany,M
6220,Susan Rodriguez,Canada,F
6221,Michael Brown,Brazil,M
6222,David Williams,Germany,M
6223,Elizabeth Davis,Italy,F
6224,John Jones,Germany,M
6225,Robert Brown,Brazil,M
6226,Charles Jones,Australia,M
6227,John Williams,USA,M
6228,Thomas Davis,France,M
6229,Robert Johnson,UK,M
6230,David Miller,Germany,M
6231,Joseph Rodriguez,Brazil,M
6232,Robert Smith,UK,M
6233,Elizabeth Jones,India,F
6234,Barbara Williams,Germany,F
6235,Barbara Davis,Italy,F
6236,Michael Jones,UK,M
6237,John Miller,Australia,M
6238,Charles Wilson,USA,M
6239,Jennifer Brown,India,F
6240,Mary Williams,Spain,F
6241,Patricia Rodriguez,Spain,F
6242,Daniel Brown,UK,M
6243,Joseph Wilson,France,M
6244,Susan Wilson,France,F
6245,William Brown,Spain,M
6246,Elizabeth Rodriguez,Germany,F
6247,Karen Rodriguez,Spain,F
6248,Jessica Jones,India,F
6249,Jessica Davis,Germany,F
6250,Thomas Wilson,USA,M
6251,David Jones,UK,M
6252,James Williams,Australia,M
6253,Patricia Smith,Brazil,F
6254,Michael Brown,Germany,M
6255,Mary Williams,Australia,F
6256,James Johnson,Australia,M
6257,Thomas Miller,India,M
6258,James Garcia,USA,M
6259,Thomas Smith,Brazil,M
6260,Elizabeth Brown,Canada,F
6261,Joseph Davis,Spain,M
6262,Barbara Garcia,Germany,F
6263,Karen Rodriguez,Germany,F
6264,William Williams,USA,M
6265,Mary Wilson,France,F
6266,James Garcia,France,M
6267,Susan Johnson,Germany,F
6268,Jessica Johnson,India,F
6269,Joseph Smith,Spain,M
6270,William Wilson,Canada,M
6271,Susan Garcia,Brazil,F
6272,Charles Rodriguez,Spain,M
6273,William Garcia,UK,M
6274,Sarah Johnson,France,F
6275,Jessica Jones,Italy,F
6276,Robert Williams,France,M
6277,Sarah Davis,Brazil,F
6278,John Smith,Italy,M
6279,Joseph Rodriguez,Canada,M
6280,Charles Garcia,USA,M
6281,Karen Brown,Germany,F
6282,Jessica Davis,Germany,F
6283,Charles Rodriguez,France,M
6284,Charles Wilson,Brazil,M
6285,Robert Smith,Canada,M
6286,Joseph Davis,Australia,M
6287,Jessica Johnson,UK,F
6288,Robert Jones,France,M
6289,Sarah Smith,Italy,F
6290,Jessica Johnson,India,F
6291,Karen Garcia,UK,F
6292,David Garcia,Germany,M
6293,Linda Brown,India,F
6294,Daniel Jones,UK,M
6295,Robert Jones,Canada,M
6296,Susan Johnson,USA,F
6297,Sarah Jones,UK,F
6298,Joseph Brown,Germany,M
6299,Robert Rodriguez,Canada,M
6300,Elizabeth Jones,Brazil,F
6301,Michael Davis,Canada,M
6302,Jennifer Miller,Canada,F
6303,Linda Brown,Australia,F
6304,Barbara Brown,Spain,F
6305,Charles Smith,UK,M
6306,Robert Brown,USA,M
6307,Jennifer Johnson,Canada,F
6308,Sarah Williams,Brazil,F
6309,David Rodriguez,Brazil,M
6310,Joseph Davis,Germany,M
6311,David Johnson,Brazil,M
6312,Daniel Garcia,Brazil,M
6313,Daniel Rodriguez,Germany,M
6314,David Miller,Spain,M
6315,Karen Wilson,Brazil,F
6316,Daniel Rodriguez,France,M
6317,Linda Jones,Spain,F
6318,Barbara Jones,Australia,F
6319,James Brown,France,M
6320,Mary Davis,Canada,F
6321,James Johnson,Italy,M
6322,John Davis,Australia,M
6323,Barbara Smith,Brazil,F
6324,Robert Davis,India,M
6325,Thomas Rodriguez,Australia,M
6326,Jessica Williams,India,F
6327,John Davis,Brazil,M
6328,Thomas Wilson,India,M
6329,Patricia Wilson,France,F
6330,Robert Jones,India,M
6331,Barbara Brown,Brazil,F
6332,Robert Williams,UK,M
6333,Karen Davis,India,F
6334,Linda Brown,Brazil,F
6335,Jessica Johnson,USA,F
6336,Barbara Davis,USA,F
6337,Thomas Wilson,Spain,M
6338,Linda Brown,France,F
6339,Linda Garcia,India,F
6340,Elizabeth Williams,Canada,F
6341,Joseph Williams,Germany,M
6342,Karen Garcia,France,F
6343,David Jones,Australia,M
6344,Mary Miller,India,F
6345,Linda Johnson,Italy,F
6346,Jennifer Davis,Canada,F
6347,Thomas Rodriguez,Spain,M
6348,Robert Jones,UK,M
6349,David Davis,France,M
6350,John Johnson,USA,M
6351,Jessica Smith,Brazil,F
6352,John Jones,Australia,M
6353,William Johnson,Canada,M
6354,Thomas Williams,Australia,M
6355,James Rodriguez,Spain,M
6356,William Wilson,UK,M
6357,Daniel Wilson,Brazil,M
6358,Robert Miller,France,M
6359,Daniel Wilson,France,M
6360,Elizabeth Davis,India,F
6361,James Brown,Italy,M
6362,Joseph Johnson,Australia,M
6363,Joseph Johnson,Australia,M
6364,Michael Smith,Brazil,M
6365,Karen Wilson,Canada,F
6366,Jennifer Smith,UK,F
6367,Barbara Smith,Italy,F
6368,Jennifer Rodriguez,Germany,F
6369,Daniel Johnson,UK,M
6370,Charles Garcia,UK,M
6371,Barbara Brown,Italy,F
6372,Elizabeth Williams,Germany,F
6373,Thomas Miller,France,M
6374,Karen Davis,UK,F
6375,Michael Smith,Brazil,M
6376,William Smith,France,M
6377,Barbara Smith,France,F
6378,Patricia Garcia,UK,F
6379,Linda Davis,Australia,F
6380,Elizabeth Williams,France,F
6381,Charles Wilson,USA,M
6382,Charles Jones,USA,M
6383,Robert Brown,Canada,M
6384,James Brown,USA,M
6385,Mary Davis,Spain,F
6386,David Miller,Spain,M
6387,Charles Smith,USA,M
6388,Daniel Garcia,India,M
6389,John Smith,Australia,M
6390,John Johnson,Italy,M
6391,Charles Davis,India,M
6392,Patricia Johnson,India,F
6393,Daniel Garcia,India,M
6394,John Smith,UK,M
6395,William Williams,Italy,M
6396,Michael Williams,UK,M
6397,Mary Wilson,Germany,F
6398,Charles Garcia,Spain,M
6399,Sarah Garcia,Spain,F
6400,Joseph Jones,Brazil,M
6401,Daniel Johnson,India,M
6402,Barbara Jones,Germany,F
6403,Jessica Miller,France,F
6404,Sarah Jones,Brazil,F
6405,Thomas Williams,Italy,M
6406,Joseph Miller,Australia,M
6407,Mary Rodriguez,Spain,F
6408,Barbara Williams,Canada,F
6409,Charles Smith,Italy,M
6410,Patricia Wilson,USA,F
6411,Michael Wilson,Brazil,M
6412,Sarah Smith,Spain,F
6413,James Garcia,Canada,M
6414,Robert Johnson,Brazil,M
6415,Jessica Williams,Spain,F
6416,Elizabeth Miller,France,F
6417,Daniel Garcia,India,M
6418,Charles Rodriguez,Italy,M
6419,Karen Johnson,Spain,F
6420,Daniel Johnson,Canada,M
6421,William Williams,Australia,M
6422,Linda Wilson,Italy,F
6423,Daniel Williams,France,M
6424,Sarah Jones,Canada,F
6425,Patricia Rodriguez,Germany,F
6426,Jennifer Wilson,India,F
6427,Joseph Johnson,Brazil,M
6428,Robert Jones,Brazil,M
6429,Susan Smith,USA,F
6430,William Davis,Australia,M
6431,David Garcia,UK,M
6432,Linda Garcia,Spain,F
6433,William Williams,USA,M
6434,Joseph Brown,France,M
6435,Jessica Davis,Spain,F
6436,James Jones,Canada,M
6437,David Garcia,Australia,M
6438,Joseph Johnson,France,M
6439,Mary Jones,Australia,F
6440,Michael Miller,Spain,M
6441,Sarah Smith,France,F
6442,Linda Garcia,India,F
6443,Charles Wilson,Australia,M
6444,Jessica Garcia,Germany,F
6445,Karen Davis,Australia,F
6446,Jessica Williams,Italy,F
6447,Jessica Garcia,UK,F
6448,Sarah Miller,India,F
6449,Mary Garcia,Spain,F
6450,James Johnson,Australia,M
6451,Elizabeth Williams,Canada,F
6452,John Johnson,France,M
6453,John Wilson,Brazil,M
6454,Elizabeth Williams,France,F
6455,William Miller,Canada,M
6456,Jessica Miller,UK,F
6457,David Williams,Australia,M
6458,David Wilson,Australia,M
6459,Mary Garcia,Spain,F
6460,Joseph Brown,Canada,M
6461,Charles Williams,Italy,M
6462,Jessica Miller,Spain,F
6463,John Garcia,Italy,M
6464,Charles Miller,Brazil,M
6465,William Jones,Italy,M
6466,Susan Brown,Brazil,F
6467,Elizabeth Davis,Germany,F
6468,Jennifer Brown,India,F
6469,William Smith,France,M
6470,Jessica Brown,Germany,F
6471,Robert Garcia,Australia,M
6472,Barbara Garcia,USA,F
6473,Susan Miller,USA,F
6474,Jennifer Miller,USA,F
6475,James Williams,Brazil,M
6476,Michael Wilson,USA,M
6477,John Rodriguez,Brazil,M
6478,Joseph Garcia,Brazil,M
6479,Charles Johnson,Australia,M
6480,Charles Johnson,Italy,M
6481,Sarah Garcia,Brazil,F
6482,Susan Smith,Germany,F
6483,Mary Davis,Italy,F
6484,Karen Garcia,Australia,F
6485,Sarah Rodriguez,USA,F
6486,John Davis,Italy,M
6487,Karen Garcia,France,F
6488,Karen Wilson,Australia,F
6489,James Wilson,India,M
6490,Daniel Jones,Australia,M
6491,Joseph Davis,USA,M
6492,Thomas Garcia,USA,M
6493,Linda Davis,France,F
6494,Sarah Smith,Italy,F
6495,John Wilson,India,M
6496,Michael Williams,UK,M
6497,John Jones,India,M
6498,Sarah Wilson,Italy,F
6499,Charles Smith,France,M
6500,Linda Garcia,Italy,F
6501,Robert Jones,Spain,M
6502,James Garcia,France,M
6503,Mary Garcia,Brazil,F
6504,Daniel Garcia,UK,M
6505,Michael Miller,France,M
6506,Mary Davis,Germany,F
6507,Michael Smith,UK,M
6508,William Johnson,France,M
6509,Mary Miller,UK,F
6510,Joseph Garcia,USA,M
6511,Daniel Johnson,USA,M
6512,Susan Jones,UK,F
6513,Daniel Williams,Australia,M
6514,Elizabeth Davis,USA,F
6515,John Miller,France,M
6516,John Miller,Spain,M
6517,Thomas Garcia,USA,M
6518,David Jones,France,M
6519,Jennifer Johnson,Australia,F
6520,Daniel Rodriguez,Australia,M
6521,Sarah Jones,Australia,F
6522,Jessica Miller,India,F
6523,Linda Garcia,Germany,F
6524,Barbara Davis,UK,F
6525,Barbara Miller,Italy,F
6526,Robert Wilson,Brazil,M
6527,Sarah Williams,Australia,F
6528,Mary Smith,Australia,F
6529,William Rodriguez,Australia,M
6530,Charles Miller,Spain,M
6531,Mary Wilson,Brazil,F
6532,Jennifer Davis,Spain,F
6533,John Miller,UK,M
6534,Jessica Williams,France,F
6535,John Wilson,France,M
6536,Sarah Miller,Germany,F
6537,Mary Brown,Italy,F
6538,John Miller,India,M
6539,Mary Jones,Italy,F
6540,Robert Garcia,Germany,M
6541,Sarah Johnson,Spain,F
6542,Barbara Garcia,Germany,F
6543,Linda Wilson,USA,F
6544,Jessica Williams,France,F
6545,David Brown,UK,M
6546,James Garcia,Canada,M
6547,Patricia Rodriguez,Canada,F
6548,Thomas Johnson,UK,M
6549,William Garcia,USA,M
6550,Karen Smith,Australia,F
6551,Sarah Miller,France,F
6552,Jessica Williams,India,F
6553,Barbara Williams,France,F
6554,Mary Johnson,Germany,F
6555,Mary Williams,India,F
6556,Susan Johnson,France,F
6557,John Brown,Spain,M
6558,Daniel Miller,Germany,M
6559,Daniel Rodriguez,Canada,M
6560,Michael Williams,Australia,M
6561,John Johnson,Canada,M
6562,Elizabeth Rodriguez,India,F
6563,John Smith,Canada,M
6564,William Brown,Canada,M
6565,Robert Wilson,Italy,M
6566,Joseph Wilson,Canada,M
6567,Thomas Garcia,India,M
6568,Patricia Johnson,India,F
6569,Patricia Smith,Germany,F
6570,Jennifer Davis,India,F
6571,Thomas Williams,UK,M
6572,Jessica Miller,Italy,F
6573,Mary Brown,Spain,F
6574,Thomas Davis,Brazil,M
6575,Elizabeth Johnson,Canada,F
6576,Linda Smith,Australia,F
6577,Michael Davis,Brazil,M
6578,Sarah Smith,France,F
6579,James Miller,Germany,M
6580,Karen Wilson,India,F
6581,Mary Miller,Canada,F
6582,Robert Rodriguez,India,M
6583,Joseph Rodriguez,Canada,M
6584,Elizabeth Davis,Spain,F
6585,Robert Jones,Brazil,M
6586,Charles Smith,Spain,M
6587,Susan Miller,Australia,F
6588,Mary Miller,UK,F
6589,Barbara Williams,Canada,F
6590,Linda Miller,Australia,F
6591,Patricia Rodriguez,Italy,F
6592,Thomas Davis,Australia,M
6593,Patricia Jones,UK,F
6594,Patricia Davis,Italy,F
6595,Charles Johnson,Spain,M
6596,Charles Williams,France,M
6597,John Rodriguez,USA,M
6598,Daniel Miller,USA,M
6599,Joseph Garcia,UK,M
6600,Charles Jones,USA,M
6601,David Miller,Australia,M
6602,Linda Davis,Brazil,F
6603,John Wilson,USA,M
6604,Barbara Brown,UK,F
6605,Michael Garcia,Italy,M
6606,Linda Williams,France,F
6607,Mary Miller,Brazil,F
6608,Charles Johnson,Brazil,M
6609,John Williams,Canada,M
6610,David Rodriguez,Italy,M
6611,Barbara Davis,USA,F
6612,Michael Rodriguez,Brazil,M
6613,John Davis,UK,M
6614,Patricia Rodriguez,Spain,F
6615,James Brown,Canada,M
6616,Sarah Jones,Canada,F
6617,Elizabeth Williams,Brazil,F
6618,Barbara Williams,Spain,F
6619,Jessica Johnson,Brazil,F
6620,Susan Smith,USA,F
6621,Michael Williams,Spain,M
6622,Susan Garcia,Brazil,F
6623,Charles Miller,Australia,M
6624,Susan Jones,UK,F
6625,Karen Smith,Germany,F
6626,Karen Jones,Spain,F
6627,Robert Wilson,Brazil,M
6628,John Garcia,Italy,M
6629,William Smith,France,M
6630,Karen Johnson,Canada,F
6631,James Jones,Brazil,M
6632,Karen Williams,Italy,F
6633,Elizabeth Smith,Australia,F
6634,Joseph Jones,Spain,M
6635,James Davis,Spain,M
6636,Jennifer Brown,Spain,F
6637,Jessica Johnson,Spain,F
6638,Michael Rodriguez,Australia,M
6639,Barbara Johnson,Italy,F
6640,Daniel Miller,Italy,M
6641,Robert Garcia,USA,M
6642,Thomas Wilson,France,M
6643,Jessica Smith,Italy,F
6644,Robert Brown,USA,M
6645,Thomas Rodriguez,France,M
6646,James Davis,USA,M
6647,Karen Williams,Canada,F
6648,Joseph Miller,Brazil,M
6649,Jessica Rodriguez,UK,F
6650,Jennifer Miller,India,F
6651,Michael Brown,Australia,M
6652,Thomas Smith,Germany,M
6653,Mary Wilson,USA,F
6654,James Johnson,Australia,M
6655,Linda Williams,USA,F
6656,Patricia Johnson,Canada,F
6657,Jennifer Miller,Italy,F
6658,Jessica Williams,Spain,F
6659,Michael Williams,India,M
6660,James Smith,Canada,M
6661,William Davis,Italy,M
6662,Charles Williams,Spain,M
6663,David Smith,Brazil,M
6664,Elizabeth Jones,Germany,F
6665,Patricia Williams,Italy,F
6666,Thomas Williams,USA,M
6667,Daniel Miller,France,M
6668,Susan Rodriguez,Spain,F
6669,Elizabeth Williams,France,F
6670,William Davis,Brazil,M
6671,Robert Miller,Brazil,M
6672,Thomas Rodriguez,Brazil,M
6673,Mary Johnson,Spain,F
6674,Michael Johnson,Germany,M
6675,Michael Wilson,India,M
6676,Daniel Williams,Italy,M
6677,Barbara Garcia,Spain,F
6678,William Wilson,USA,M
6679,Karen Miller,Italy,F
6680,Sarah Johnson,Canada,F
6681,Jessica Garcia,UK,F
6682,Charles Miller,Brazil,M
6683,John Smith,India,M
6684,Barbara Smith,Germany,F
6685,Elizabeth Garcia,Australia,F
6686,Thomas Rodriguez,Italy,M
6687,Jessica Wilson,Brazil,F
6688,Susan Wilson,Italy,F
6689,Mary Garcia,Australia,F
6690,Linda Jones,India,F
6691,Joseph Williams,France,M
6692,Charles Davis,Canada,M
6693,Charles Jones,India,M
6694,Joseph Garcia,Brazil,M
6695,Barbara Garcia,Australia,F
6696,Patricia Miller,Italy,F
6697,John Smith,Spain,M
6698,Charles Brown,UK,M
6699,Barbara Wilson,France,F
6700,John Wilson,USA,M
6701,Elizabeth Rodriguez,Germany,F
6702,Robert Smith,USA,M
6703,Barbara Rodriguez,UK,F
6704,Susan Jones,Spain,F
6705,Jennifer Brown,USA,F
6706,Linda Williams,Brazil,F
6707,Michael Johnson,Germany,M
6708,Linda Williams,Brazil,F
6709,Barbara Brown,Spain,F
6710,Barbara Miller,India,F
6711,Elizabeth Brown,Canada,F
6712,Charles Brown,India,M
6713,Mary Johnson,India,F
6714,John Williams,Brazil,M
6715,Daniel Smith,UK,M
6716,Barbara Rodriguez,USA,F
6717,Patricia Davis,Germany,F
6718,Karen Davis,UK,F
6719,Michael Brown,Spain,M
6720,Elizabeth Jones,USA,F
6721,Elizabeth Williams,Germany,F
6722,Sarah Miller,Italy,F
6723,Linda Rodriguez,USA,F
6724,Karen Williams,Spain,F
6725,James Miller,France,M
6726,Barbara Brown,Germany,F
6727,Jessica Davis,USA,F
6728,Michael Williams,France,M
6729,Daniel Wilson,Italy,M
6730,Michael Rodriguez,Italy,M
6731,Joseph Garcia,Australia,M
6732,Susan Smith,Spain,F
6733,Patricia Miller,Brazil,F
6734,Susan Williams,Spain,F
6735,Daniel Miller,Germany,M
6736,Daniel Smith,Spain,M
6737,Linda Jones,Brazil,F
6738,William Davis,Australia,M
6739,Mary Brown,Canada,F
6740,John Miller,Australia,M
6741,Thomas Davis,Canada,M
6742,Jennifer Williams,India,F
6743,James Johnson,Spain,M
6744,Barbara Johnson,Germany,F
6745,Jennifer Miller,Italy,F
6746,John Miller,UK,M
6747,Karen Wilson,USA,F
6748,Karen Brown,Brazil,F
6749,Joseph Garcia,UK,M
6750,Jessica Rodriguez,France,F
6751,Jennifer Wilson,Spain,F
6752,Barbara Rodriguez,Canada,F
6753,Sarah Garcia,Italy,F
6754,Elizabeth Rodriguez,Australia,F
6755,Linda Wilson,Australia,F
6756,Sarah Johnson,India,F
6757,Mary Miller,Germany,F
6758,Elizabeth Miller,UK,F
6759,Jennifer Davis,Canada,F
6760,Linda Davis,Australia,F
6761,Mary Smith,India,F
6762,Patricia Miller,Germany,F
6763,Charles Brown,Italy,M
6764,William Jones,Germany,M
6765,Sarah Rodriguez,Australia,F
6766,David Wilson,Italy,M
6767,Susan Rodriguez,UK,F
6768,William Johnson,Brazil,M
6769,Charles Jones,Australia,M
6770,Joseph Brown,UK,M
6771,James Williams,Spain,M
6772,Mary Jones,USA,F
6773,David Wilson,France,M
6774,Joseph Smith,Canada,M
6775,William Jones,Italy,M
6776,Robert Miller,UK,M
6777,Jennifer Jones,UK,F
6778,Daniel Rodriguez,USA,M
6779,William Wilson,USA,M
6780,Barbara Jones,Italy,F
6781,Jennifer Garcia,Germany,F
6782,Sarah Wilson,France,F
6783,Elizabeth Wilson,Canada,F
6784,Jessica Wilson,Italy,F
6785,Joseph Miller,Italy,M
6786,Linda Wilson,UK,F
6787,Thomas Brown,India,M
6788,Jessica Williams,Italy,F
6789,Mary Brown,France,F
6790,Joseph Johnson,USA,M
6791,Jessica Miller,Brazil,F
6792,Joseph Smith,Spain,M
6793,William Williams,India,M
6794,Robert Wilson,Germany,M
6795,Sarah Miller,Australia,F
6796,David Jones,India,M
6797,Robert Johnson,Italy,M
6798,Jessica Wilson,Brazil,F
6799,Sarah Johnson,Australia,F
6800,Michael Brown,Canada,M
6801,Linda Jones,Italy,F
6802,John Davis,Canada,M
6803,Charles Wilson,Canada,M
6804,Jennifer Jones,France,F
6805,Jennifer Smith,USA,F
6806,Thomas Williams,Canada,M
6807,Barbara Rodriguez,Canada,F
6808,William Davis,Germany,M
6809,David Rodriguez,Spain,M
6810,Charles Davis,France,M
6811,Robert Johnson,Canada,M
6812,Mary Smith,Brazil,F
6813,Joseph Jones,USA,M
6814,Linda Williams,Spain,F
6815,Charles Miller,UK,M
6816,David Smith,Canada,M
6817,John Jones,Brazil,M
6818,Karen Williams,Australia,F
6819,Charles Johnson,Australia,M
6820,Thomas Davis,Italy,M
6821,Barbara Garcia,UK,F
6822,James Brown,France,M
6823,Mary Rodriguez,Spain,F
6824,John Davis,Germany,M
6825,Jennifer Wilson,India,F
6826,James Jones,USA,M
6827,Sarah Smith,Australia,F
6828,James Brown,Germany,M
6829,Joseph Rodriguez,USA,M
6830,Michael Jones,Canada,M
6831,Daniel Johnson,France,M
6832,Karen Brown,Germany,F
6833,James Jones,Canada,M
6834,Elizabeth Garcia,Italy,F
6835,Susan Rodriguez,Germany,F
6836,James Garcia,Brazil,M
6837,Sarah Garcia,France,F
6838,John Rodriguez,Spain,M
6839,Patricia Davis,USA,F
6840,Barbara Johnson,Australia,F
6841,Thomas Wilson,Australia,M
6842,Patricia Miller,UK,F
6843,Thomas Smith,India,M
6844,Thomas Davis,Spain,M
6845,Susan Davis,France,F
6846,Susan Brown,Italy,F
6847,Michael Rodriguez,India,M
6848,Barbara Miller,Canada,F
6849,Thomas Smith,France,M
6850,Karen Davis,Canada,F
6851,Charles Miller,Germany,M
6852,Robert Smith,Brazil,M
6853,Linda Jones,UK,F
6854,Thomas Wilson,Brazil,M
6855,Michael Brown,Brazil,M
6856,Sarah Garcia,France,F
6857,William Smith,Italy,M
6858,Jessica Garcia,Spain,F
6859,Mary Davis,Spain,F
6860,Charles Miller,Canada,M
6861,James Williams,UK,M
6862,Barbara Miller,UK,F
6863,Joseph Miller,Brazil,M
6864,Charles Smith,Brazil,M
6865,John Jones,Brazil,M
6866,Jessica Garcia,Brazil,F
6867,Susan Wilson,France,F
6868,Charles Wilson,Brazil,M
6869,Susan Johnson,India,F
6870,Susan Wilson,France,F
6871,Susan Garcia,Spain,F
6872,Mary Wilson,Italy,F
6873,Elizabeth Wilson,Italy,F
6874,Patricia Davis,USA,F
6875,James Davis,Canada,M
6876,Linda Brown,Australia,F
6877,Patricia Brown,France,F
6878,David Smith,Italy,M
6879,Elizabeth Brown,Australia,F
6880,Thomas Smith,USA,M
6881,Patricia Johnson,Italy,F
6882,David Rodriguez,USA,M
6883,Sarah Smith,Canada,F
6884,Robert Miller,India,M
6885,William Rodriguez,Canada,M
6886,Barbara Johnson,India,F
6887,Karen Brown,Spain,F
6888,Sarah Williams,Germany,F
6889,Elizabeth Miller,USA,F
6890,David Miller,USA,M
6891,Linda Johnson,Brazil,F
6892,Charles Davis,Brazil,M
6893,William Miller,Australia,M
6894,Barbara Brown,UK,F
6895,Thomas Williams,UK,M
6896,Jessica Williams,Australia,F
6897,Elizabeth Johnson,Brazil,F
6898,Elizabeth Wilson,France,F
6899,Karen Wilson,Germany,F
6900,Joseph Garcia,Canada,M
6901,John Miller,UK,M
6902,Charles Smith,India,M
6903,Daniel Jones,India,M
6904,Mary Davis,UK,F
6905,Thomas Rodriguez,France,M
6906,Elizabeth Garcia,France,F
6907,Barbara Johnson,Brazil,F
6908,Patricia Jones,USA,F
6909,Joseph Davis,Australia,M
6910,James Miller,UK,M
6911,Patricia Garcia,Germany,F
6912,David Williams,UK,M
6913,Joseph Wilson,USA,M
6914,Joseph Jones,Australia,M
6915,Patricia Miller,Spain,F
6916,Sarah Jones,Italy,F
6917,William Rodriguez,Brazil,M
6918,Daniel Davis,Canada,M
6919,Jennifer Rodriguez,Canada,F
6920,Joseph Jones,Australia,M
6921,William Johnson,Italy,M
6922,Patricia Wilson,India,F
6923,Thomas Jones,UK,M
6924,Sarah Garcia,Italy,F
6925,Patricia Davis,India,F
6926,Joseph Rodriguez,Australia,M
6927,Jennifer Jones,Australia,F
6928,Joseph Johnson,UK,M
6929,Sarah Garcia,Spain,F
6930,Joseph Davis,India,M
6931,Charles Smith,Canada,M
6932,David Johnson,France,M
6933,Karen Davis,UK,F
6934,Linda Davis,Brazil,F
6935,Mary Davis,UK,F
6936,Robert Davis,USA,M
6937,Karen Garcia,UK,F
6938,Sarah Wilson,Brazil,F
6939,Robert Wilson,India,M
6940,James Garcia,UK,M
6941,Thomas Miller,Italy,M
6942,Daniel Garcia,Brazil,M
6943,Jessica Brown,Spain,F
6944,Elizabeth Johnson,Australia,F
6945,Michael Jones,India,M
6946,John Miller,Canada,M
6947,Karen Smith,France,F
6948,Barbara Davis,France,F
6949,Elizabeth Williams,Italy,F
6950,Michael Smith,Canada,M
6951,Susan Jones,India,F
6952,Patricia Miller,UK,F
6953,Daniel Smith,India,M
6954,Mary Johnson,USA,F
6955,Karen Jones,France,F
6956,Charles Brown,Italy,M
6957,David Davis,France,M
6958,Sarah Johnson,Australia,F
6959,Thomas Johnson,USA,M
6960,Sarah Garcia,Spain,F
6961,Elizabeth Jones,Spain,F
6962,Sarah Williams,Brazil,F
6963,Karen Rodriguez,UK,F
6964,Robert Brown,Germany,M
6965,Karen Rodriguez,Canada,F
6966,Daniel Jones,India,M
6967,David Wilson,Germany,M
6968,Mary Williams,Brazil,F
6969,Karen Johnson,Italy,F
6970,James Williams,France,M
6971,David Smith,Australia,M
6972,Joseph Williams,Brazil,M
6973,John Davis,Canada,M
6974,Karen Wilson,Spain,F
6975,James Smith,UK,M
6976,Barbara Wilson,Italy,F
6977,William Jones,India,M
6978,Mary Brown,Italy,F
6979,James Johnson,USA,M
6980,William Brown,Canada,M
6981,David Wilson,Canada,M
6982,Mary Garcia,Australia,F
6983,Elizabeth Miller,Canada,F
6984,Jennifer Garcia,Germany,F
6985,Charles Rodriguez,Canada,M
6986,Barbara Jones,Australia,F
6987,Joseph Johnson,UK,M
6988,Mary Wilson,Spain,F
6989,Mary Rodriguez,Spain,F
6990,Daniel Wilson,Brazil,M
6991,Michael Smith,India,M
6992,John Miller,Canada,M
6993,Joseph Wilson,Spain,M
6994,Karen Wilson,India,F
6995,Susan Garcia,Brazil,F
6996,Susan Johnson,Italy,F
6997,David Garcia,UK,M
6998,Linda Jones,France,F
6999,Jessica Rodriguez,Germany,F
7000,Mary Davis,UK,F
7001,Daniel Jones,USA,M
7002,Patricia Davis,Germany,F
7003,Daniel Rodriguez,Brazil,M
7004,Patricia Smith,Germany,F
7005,Karen Williams,UK,F
7006,Jennifer Miller,Germany,F
7007,Thomas Smith,Italy,M
7008,Karen Brown,Australia,F
7009,Robert Jones,Spain,M
7010,Patricia Smith,Australia,F
7011,Linda Smith,Italy,F
7012,John Smith,Brazil,M
7013,Michael Rodriguez,Spain,M
7014,Patricia Smith,Canada,F
7015,Elizabeth Rodriguez,Canada,F
7016,Charles Garcia,France,M
7017,Barbara Brown,Germany,F
7018,Daniel Jones,Germany,M
7019,Joseph Rodriguez,Italy,M
7020,Mary Brown,India,F
7021,William Wilson,USA,M
7022,Daniel Miller,Australia,M
7023,Robert Garcia,USA,M
7024,Patricia Johnson,UK,F
7025,James Williams,USA,M
7026,Mary Garcia,Germany,F
7027,Karen Rodriguez,Italy,F
7028,Jessica Brown,France,F
7029,Linda Miller,Spain,F
7030,Linda Garcia,USA,F
7031,James Wilson,USA,M
7032,Elizabeth Wilson,Spain,F
7033,David Miller,Germany,M
7034,William Johnson,France,M
7035,Thomas Williams,France,M
7036,Mary Williams,Germany,F
7037,Jessica Miller,USA,F
7038,Elizabeth Davis,Italy,F
7039,Mary Rodriguez,Australia,F
7040,Jessica Davis,Brazil,F
7041,Susan Wilson,Canada,F
7042,Sarah Smith,Australia,F
7043,Charles Williams,Germany,M
7044,Robert Johnson,USA,M
7045,Robert Brown,Canada,M
7046,John Wilson,Spain,M
7047,Jennifer Smith,Brazil,F
7048,Charles Garcia,Italy,M
7049,Sarah Johnson,India,F
7050,William Garcia,India,M
7051,James Smith,Germany,M
7052,Patricia Rodriguez,Australia,F
7053,Mary Garcia,Germany,F
7054,Linda Jones,Australia,F
7055,William Rodriguez,Brazil,M
7056,Elizabeth Garcia,UK,F
7057,Karen Smith,France,F
7058,Daniel Rodriguez,India,M
7059,James Garcia,USA,M
7060,Jennifer Rodriguez,Australia,F
7061,John Garcia,Brazil,M
7062,Patricia Jones,Australia,F
7063,Daniel Davis,USA,M
7064,John Garcia,UK,M
7065,Joseph Davis,Australia,M
7066,Mary Rodriguez,Australia,F
7067,Michael Jones,UK,M
7068,Joseph Smith,Spain,M
7069,Joseph Smith,India,M
7070,Barbara Wilson,Germany,F
7071,Patricia Brown,India,F
7072,Thomas Miller,Italy,M
7073,Elizabeth Miller,Australia,F
7074,Mary Johnson,UK,F
7075,Robert Jones,Australia,M
7076,Linda Williams,Australia,F
7077,Sarah Miller,France,F
7078,Elizabeth Brown,UK,F
7079,Patricia Jones,UK,F
7080,Elizabeth Rodriguez,France,F
7081,Susan Miller,India,F
7082,Mary Williams,Australia,F
7083,Linda Jones,Brazil,F
7084,Linda Smith,Spain,F
7085,Elizabeth Jones,UK,F
7086,Thomas Brown,Australia,M
7087,Robert Davis,USA,M
7088,Charles Brown,UK,M
7089,Charles Brown,India,M
7090,William Smith,Brazil,M
7091,Thomas Rodriguez,Brazil,M
7092,Charles Miller,Spain,M
7093,Sarah Jones,Spain,F
7094,Sarah Smith,Germany,F
7095,Barbara Williams,UK,F
7096,John Johnson,Canada,M
7097,James Jones,Canada,M
7098,Patricia Smith,Germany,F
7099,Patricia Smith,Italy,F
7100,Charles Davis,Italy,M
7101,Jessica Smith,Canada,F
7102,John Johnson,Australia,M
7103,Linda Wilson,Italy,F
7104,Linda Williams,Germany,F
7105,Sarah Garcia,Brazil,F
7106,Joseph Brown,India,M
7107,William Smith,USA,M
7108,Elizabeth Brown,India,F
7109,Barbara Rodriguez,Canada,F
7110,Jennifer Wilson,France,F
7111,David Johnson,Brazil,M
7112,Susan Williams,USA,F
7113,Joseph Williams,India,M
7114,Sarah Brown,Germany,F
7115,Charles Miller,Spain,M
7116,Barbara Wilson,Brazil,F
7117,Barbara Williams,Italy,F
7118,James Davis,France,M
7119,Joseph Johnson,France,M
7120,Patricia Davis,France,F
7121,Elizabeth Davis,India,F
7122,Karen Garcia,UK,F
7123,John Smith,Canada,M
7124,David Johnson,India,M
7125,Sarah Davis,UK,F
7126,John Johnson,India,M
7127,Linda Garcia,Italy,F
7128,Jennifer Smith,Spain,F
7129,Jennifer Miller,Brazil,F
7130,Patricia Brown,Canada,F
7131,Joseph Williams,Canada,M
7132,Thomas Rodriguez,India,M
7133,Sarah Miller,Italy,F
7134,John Wilson,Australia,M
7135,Karen Williams,Australia,F
7136,Susan Davis,Spain,F
7137,Joseph Brown,Canada,M
7138,Robert Wilson,Germany,M
7139,Joseph Brown,Germany,M
7140,John Jones,Australia,M
7141,Patricia Smith,Brazil,F
7142,Patricia Williams,Canada,F
7143,Thomas Williams,UK,M
7144,Elizabeth Smith,Brazil,F
7145,Sarah Brown,France,F
7146,Sarah Smith,Italy,F
7147,Michael Brown,India,M
7148,Susan Miller,UK,F
7149,Mary Wilson,Brazil,F
7150,Linda Rodriguez,Brazil,F
7151,James Brown,Brazil,M
7152,Elizabeth Williams,Italy,F
7153,Charles Johnson,Italy,M
7154,Charles Miller,USA,M
7155,James Rodriguez,Australia,M
7156,Joseph Smith,USA,M
7157,Elizabeth Davis,Italy,F
7158,Sarah Miller,Australia,F
7159,Mary Brown,Spain,F
7160,Joseph Davis,Brazil,M
7161,Daniel Wilson,USA,M
7162,Daniel Williams,Canada,M
7163,Sarah Wilson,Germany,F
7164,Robert Davis,Canada,M
7165,Michael Jones,Australia,M
7166,James Miller,India,M
7167,Thomas Johnson,Australia,M
7168,Sarah Williams,Spain,F
7169,Thomas Williams,USA,M
7170,Karen Miller,France,F
7171,James Garcia,Italy,M
7172,Susan Rodriguez,Germany,F
7173,Thomas Smith,Italy,M
7174,Michael Wilson,UK,M
7175,Michael Smith,Spain,M
7176,John Davis,India,M
7177,Jessica Jones,UK,F
7178,Elizabeth Williams,Italy,F
7179,Sarah Williams,Canada,F
7180,Patricia Johnson,Germany,F
7181,Jennifer Smith,UK,F
7182,Michael Davis,India,M
7183,William Wilson,Canada,M
7184,William Brown,India,M
7185,Mary Miller,Spain,F
7186,John Johnson,Australia,M
7187,Linda Miller,India,F
7188,Thomas Garcia,USA,M
7189,James Johnson,Australia,M
7190,Barbara Williams,Spain,F
7191,Jennifer Wilson,Australia,F
7192,Barbara Rodriguez,India,F
7193,Robert Johnson,Spain,M
7194,Sarah Wilson,Australia,F
7195,Charles Garcia,Spain,M
7196,Jessica Miller,Canada,F
7197,Jennifer Rodriguez,Canada,F
7198,Michael Brown,Germany,M
7199,William Garcia,Spain,M
7200,Jessica Miller,Germany,F
7201,Sarah Jones,Germany,F
7202,Robert Wilson,Brazil,M
7203,Mary Rodriguez,USA,F
7204,David Miller,Spain,M
7205,Robert Miller,USA,M
7206,John Johnson,Germany,M
7207,John Smith,Germany,M
7208,Elizabeth Garcia,India,F
7209,Sarah Garcia,Canada,F
7210,Mary Johnson,Spain,F
7211,Susan Smith,India,F
7212,Sarah Rodriguez,Italy,F
7213,David Johnson,Spain,M
7214,Mary Jones,Canada,F
7215,James Williams,Germany,M
7216,Susan Davis,Canada,F
7217,Michael Brown,India,M
7218,Sarah Wilson,Germany,F
7219,Mary Davis,India,F
7220,Barbara Rodriguez,Spain,F
7221,Daniel Garcia,USA,M
7222,Charles Wilson,Italy,M
7223,Barbara Miller,Spain,F
7224,Barbara Brown,Canada,F
7225,Elizabeth Garcia,Australia,F
7226,Robert Brown,USA,M
7227,John Garcia,Spain,M
7228,Karen Jones,France,F
7229,Barbara Garcia,Canada,F
7230,Linda Smith,UK,F
7231,Joseph Garcia,Germany,M
7232,Jessica Williams,UK,F
7233,Karen Miller,Brazil,F
7234,Susan Rodriguez,UK,F
7235,William Smith,Brazil,M
7236,Jennifer Davis,France,F
7237,Karen Davis,Italy,F
7238,Mary Miller,Australia,F
7239,Jennifer Garcia,France,F
7240,Karen Wilson,Spain,F
7241,Charles Rodriguez,France,M
7242,Robert Rodriguez,Spain,M
7243,William Smith,Spain,M
7244,William Davis,France,M
7245,James Jones,Australia,M
7246,John Brown,Brazil,M
7247,Elizabeth Johnson,Brazil,F
7248,Elizabeth Miller,Canada,F
7249,Daniel Johnson,India,M
7250,Elizabeth Wilson,Canada,F
7251,Michael Garcia,USA,M
7252,Jessica Garcia,Brazil,F
7253,Thomas Williams,France,M
7254,Daniel Garcia,Canada,M
7255,Mary Davis,Germany,F
7256,Thomas Jones,Australia,M
7257,John Williams,USA,M
7258,Joseph Davis,Brazil,M
7259,Charles Smith,Australia,M
7260,John Smith,Germany,M
7261,Karen Jones,France,F
7262,Barbara Smith,Italy,F
7263,Charles Johnson,Canada,M
7264,Thomas Wilson,Germany,M
7265,Jennifer Brown,UK,F
7266,Linda Wilson,Germany,F
7267,John Brown,Italy,M
7268,Robert Smith,Germany,M
7269,John Wilson,India,M
7270,Barbara Garcia,France,F
7271,James Davis,USA,M
7272,Michael Miller,Spain,M
7273,Mary Jones,UK,F
7274,Sarah Brown,UK,F
7275,Elizabeth Rodriguez,Germany,F
7276,Susan Davis,Germany,F
7277,Michael Davis,Spain,M
7278,Sarah Wilson,India,F
7279,Michael Davis,Germany,M
7280,Elizabeth Rodriguez,Germany,F
7281,Susan Rodriguez,Canada,F
7282,Charles Williams,Spain,M
7283,Susan Davis,France,F
7284,Jessica Brown,Italy,F
7285,Patricia Rodriguez,UK,F
7286,James Davis,India,M
7287,Barbara Miller,India,F
7288,Sarah Miller,Spain,F
7289,Daniel Johnson,France,M
7290,Susan Wilson,Spain,F
7291,Daniel Johnson,Brazil,M
7292,John Wilson,Germany,M
7293,William Jones,Spain,M
7294,Elizabeth Garcia,Australia,F
7295,Elizabeth Johnson,Italy,F
7296,Thomas Brown,UK,M
7297,John Miller,Italy,M
7298,Joseph Wilson,Canada,M
7299,James Davis,Germany,M
7300,John Williams,Germany,M
7301,Linda Williams,Australia,F
7302,Daniel Williams,India,M
7303,Charles Smith,Australia,M
7304,Linda Garcia,UK,F
7305,Sarah Smith,USA,F
7306,William Jones,UK,M
7307,Jennifer Smith,Australia,F
7308,Patricia Johnson,India,F
7309,Charles Wilson,Canada,M
7310,Charles Smith,Germany,M
7311,Jennifer Miller,India,F
7312,Sarah Wilson,UK,F
7313,Joseph Johnson,France,M
7314,Karen Wilson,India,F
7315,Michael Rodriguez,Italy,M
7316,Sarah Wilson,USA,F
7317,William Brown,Brazil,M
7318,Daniel Miller,India,M
7319,Elizabeth Jones,France,F
7320,Charles Smith,India,M
7321,Sarah Davis,Spain,F
7322,Jennifer Davis,Brazil,F
7323,Jessica Garcia,Italy,F
7324,Karen Smith,Brazil,F
7325,Charles Wilson,UK,M
7326,John Jones,USA,M
7327,Patricia Rodriguez,Australia,F
7328,Daniel Johnson,Australia,M
7329,Robert Rodriguez,Australia,M
7330,Thomas Miller,USA,M
7331,Barbara Smith,Canada,F
7332,Michael Johnson,Canada,M
7333,Joseph Miller,Italy,M
7334,Daniel Garcia,Brazil,M
7335,Joseph Davis,Italy,M
7336,Susan Miller,France,F
7337,Mary Jones,USA,F
7338,Mary Davis,Brazil,F
7339,David Jones,Germany,M
7340,William Rodriguez,UK,M
7341,Thomas Johnson,UK,M
7342,Karen Williams,USA,F
7343,Charles Smith,Australia,M
7344,John Rodriguez,UK,M
7345,Susan Jones,USA,F
7346,John Johnson,Italy,M
7347,Susan Garcia,Germany,F
7348,Charles Rodriguez,France,M
7349,Sarah Williams,Italy,F
7350,Elizabeth Brown,Australia,F
7351,Jessica Jones,Italy,F
7352,Karen Wilson,UK,F
7353,Michael Williams,Italy,M
7354,Sarah Rodriguez,Italy,F
7355,Elizabeth Davis,France,F
7356,David Wilson,France,M
7357,Thomas Davis,USA,M
7358,Robert Johnson,USA,M
7359,James Garcia,Brazil,M
7360,Thomas Garcia,Australia,M
7361,Jessica Smith,India,F
7362,Michael Jones,Spain,M
7363,Mary Jones,Italy,F
7364,Charles Miller,France,M
7365,Michael Davis,Brazil,M
7366,Linda Brown,Italy,F
7367,David Miller,France,M
7368,David Williams,USA,M
7369,Robert Davis,India,M
7370,Charles Wilson,India,M
7371,Patricia Williams,Canada,F
7372,Joseph Davis,France,M
7373,Karen Brown,India,F
7374,James Johnson,France,M
7375,Daniel Brown,India,M
7376,Mary Brown,Germany,F
7377,Thomas Brown,USA,M
7378,William Wilson,Spain,M
7379,Robert Johnson,Canada,M
7380,Joseph Williams,USA,M
7381,Elizabeth Brown,Spain,F
7382,Elizabeth Davis,Australia,F
7383,William Johnson,India,M
7384,Elizabeth Johnson,Brazil,F
7385,James Jones,France,M
7386,Charles Davis,UK,M
7387,Jessica Garcia,Italy,F
7388,Thomas Brown,Australia,M
7389,Linda Rodriguez,UK,F
7390,Karen Garcia,Germany,F
7391,Mary Davis,Spain,F
7392,John Wilson,Australia,M
7393,Karen Johnson,USA,F
7394,James Williams,UK,M
7395,Joseph Miller,Italy,M
7396,Charles Miller,UK,M
7397,Patricia Wilson,Spain,F
7398,Daniel Smith,USA,M
7399,Sarah Garcia,Canada,F
7400,Sarah Miller,Canada,F
7401,James Johnson,Germany,M
7402,Barbara Brown,Spain,F
7403,Jennifer Garcia,Canada,F
7404,Elizabeth Garcia,India,F
7405,John Davis,UK,M
7406,Michael Garcia,Germany,M
7407,Jessica Brown,Italy,F
7408,Jessica Garcia,Germany,F
7409,Daniel Jones,Italy,M
7410,Mary Jones,India,F
7411,Thomas Jones,France,M
7412,Michael Wilson,Germany,M
7413,Joseph Miller,Australia,M
7414,Barbara Williams,Brazil,F
7415,Mary Williams,USA,F
7416,Daniel Garcia,USA,M
7417,Jessica Davis,India,F
7418,Elizabeth Davis,India,F
7419,Susan Williams,France,F
7420,Jessica Johnson,Spain,F
7421,Robert Jones,Brazil,M
7422,Linda Davis,USA,F
7423,Sarah Smith,USA,F
7424,Jessica Smith,Canada,F
7425,Joseph Smith,Brazil,M
7426,James Smith,USA,M
7427,Jennifer Garcia,Italy,F
7428,Jennifer Davis,USA,F
7429,William Smith,Italy,M
7430,Mary Smith,Italy,F
7431,Thomas Jones,UK,M
7432,Susan Brown,Australia,F
7433,Mary Garcia,India,F
7434,David Johnson,India,M
7435,Sarah Miller,Canada,F
7436,Patricia Rodriguez,France,F
7437,Charles Miller,Germany,M
7438,Daniel Rodriguez,Canada,M
7439,James Wilson,Canada,M
7440,Barbara Smith,Brazil,F
7441,Karen Davis,UK,F
7442,Barbara Miller,Germany,F
7443,Patricia Rodriguez,UK,F
7444,Sarah Williams,Italy,F
7445,Michael Smith,Italy,M
7446,James Miller,Germany,M
7447,Karen Jones,Canada,F
7448,David Garcia,Italy,M
7449,David Garcia,USA,M
7450,Thomas Wilson,Brazil,M
7451,Robert Rodriguez,Spain,M
7452,Charles Johnson,UK,M
7453,Barbara Rodriguez,UK,F
7454,Joseph Williams,Germany,M
7455,Jessica Williams,India,F
7456,Jennifer Wilson,India,F
7457,James Williams,Germany,M
7458,James Garcia,Spain,M
7459,John Jones,Australia,M
7460,Charles Johnson,Brazil,M
7461,Charles Rodriguez,UK,M
7462,Joseph Jones,France,M
7463,Barbara Brown,Spain,F
7464,Charles Garcia,Canada,M
7465,Mary Miller,Australia,F
7466,Robert Smith,India,M
7467,Robert Johnson,Canada,M
7468,Joseph Garcia,USA,M
7469,Thomas Williams,Spain,M
7470,Sarah Garcia,Italy,F
7471,David Johnson,Brazil,M
7472,Susan Garcia,Australia,F
7473,Joseph Jones,India,M
7474,Robert Smith,Spain,M
7475,David Wilson,Spain,M
7476,James Smith,USA,M
7477,David Wilson,Spain,M
7478,Mary Wilson,Brazil,F
7479,Karen Williams,India,F
7480,James Smith,USA,M
7481,Patricia Rodriguez,UK,F
7482,Jessica Johnson,UK,F
7483,Thomas Rodriguez,Australia,M
7484,Mary Williams,India,F
7485,John Rodriguez,Brazil,M
7486,Thomas Garcia,USA,M
7487,Joseph Miller,Australia,M
7488,David Brown,Italy,M
7489,Charles Jones,Italy,M
7490,Elizabeth Wilson,India,F
7491,Mary Jones,Germany,F
7492,William Davis,France,M
7493,James Brown,Spain,M
7494,Sarah Williams,France,F
7495,Linda Johnson,UK,F
7496,Jennifer Jones,Italy,F
7497,William Garcia,India,M
7498,James Davis,France,M
7499,Charles Davis,Germany,M
7500,Susan Johnson,Canada,F
7501,John Johnson,Canada,M
7502,Susan Wilson,Canada,F
7503,Robert Davis,Brazil,M
7504,Joseph Jones,UK,M
7505,James Garcia,Canada,M
7506,Jessica Garcia,Australia,F
7507,Thomas Davis,Canada,M
7508,Sarah Brown,Australia,F
7509,Joseph Rodriguez,UK,M
7510,Barbara Williams,USA,F
7511,Mary Johnson,Spain,F
7512,Michael Garcia,Italy,M
7513,James Garcia,France,M
7514,Patricia Brown,UK,F
7515,Barbara Davis,USA,F
7516,Sarah Johnson,Canada,F
7517,Daniel Jones,Italy,M
7518,Robert Smith,USA,M
7519,Mary Miller,Australia,F
7520,David Garcia,UK,M
7521,Sarah Smith,USA,F
7522,Charles Williams,Italy,M
7523,Joseph Davis,Canada,M
7524,John Garcia,Canada,M
7525,Jennifer Jones,Germany,F
7526,Jennifer Garcia,Brazil,F
7527,Linda Jones,India,F
7528,Charles Wilson,France,M
7529,Mary Garcia,Spain,F
7530,William Williams,Canada,M
7531,James Davis,India,M
7532,Daniel Williams,France,M
7533,Patricia Miller,UK,F
7534,John Davis,Brazil,M
7535,David Brown,USA,M
7536,David Rodriguez,Brazil,M
7537,Daniel Brown,UK,M
7538,Robert Jones,Italy,M
7539,Barbara Miller,Germany,F
7540,David Wilson,Italy,M
7541,David Davis,UK,M
7542,Joseph Smith,USA,M
7543,James Jones,India,M
7544,Michael Smith,Canada,M
7545,James Rodriguez,Australia,M
7546,Elizabeth Davis,UK,F
7547,Susan Brown,Canada,F
7548,Charles Williams,Spain,M
7549,Sarah Miller,France,F
7550,Karen Davis,Canada,F
7551,Linda Johnson,USA,F
7552,Sarah Garcia,Germany,F
7553,Karen Smith,Germany,F
7554,James Davis,France,M
7555,Patricia Garcia,Spain,F
7556,Michael Miller,Canada,M
7557,Thomas Davis,UK,M
7558,David Miller,Spain,M
7559,Karen Johnson,Australia,F
7560,Joseph Davis,Australia,M
7561,Joseph Wilson,UK,M
7562,William Jones,Brazil,M
7563,Barbara Garcia,India,F
7564,Patricia Williams,USA,F
7565,Karen Brown,Canada,F
7566,Daniel Johnson,USA,M
7567,Joseph Garcia,Australia,M
7568,Elizabeth Brown,Italy,F
7569,Michael Rodriguez,UK,M
7570,Thomas Jones,Germany,M
7571,James Miller,France,M
7572,Karen Jones,Germany,F
7573,Charles Wilson,UK,M
7574,James Jones,Italy,M
7575,Elizabeth Garcia,Italy,F
7576,Jessica Miller,USA,F
7577,Jennifer Smith,USA,F
7578,Jessica Miller,Italy,F
7579,Susan Wilson,UK,F
7580,Mary Smith,France,F
7581,Karen Wilson,Italy,F
7582,James Brown,UK,M
7583,Jessica Wilson,Germany,F
7584,James Rodriguez,Canada,M
7585,Barbara Davis,Canada,F
7586,Elizabeth Miller,Australia,F
7587,Susan Smith,India,F
7588,Elizabeth Williams,USA,F
7589,Jennifer Miller,Canada,F
7590,John Garcia,India,M
7591,Jessica Miller,Canada,F
7592,Jessica Davis,USA,F
7593,John Wilson,Italy,M
7594,Susan Miller,France,F
7595,Elizabeth Williams,Canada,F
7596,Jessica Johnson,USA,F
7597,Mary Wilson,Brazil,F
7598,John Wilson,India,M
7599,James Wilson,USA,M
7600,Patricia Brown,Australia,F
7601,Elizabeth Miller,Brazil,F
7602,Elizabeth Jones,USA,F
7603,Jessica Miller,Australia,F
7604,Elizabeth Rodriguez,USA,F
7605,Thomas Davis,Australia,M
7606,Daniel Garcia,USA,M
7607,James Davis,USA,M
7608,Daniel Miller,USA,M
7609,James Johnson,India,M
7610,Jennifer Miller,Canada,F
7611,David Miller,India,M
7612,John Garcia,UK,M
7613,Sarah Davis,Italy,F
7614,William Miller,Brazil,M
7615,John Wilson,Spain,M
7616,Joseph Johnson,India,M
7617,James Wilson,USA,M
7618,Linda Johnson,Germany,F
7619,Elizabeth Smith,France,F
7620,Linda Smith,Brazil,F
7621,John Jones,Spain,M
7622,Robert Rodriguez,Australia,M
7623,Charles Garcia,India,M
7624,Joseph Rodriguez,USA,M
7625,Sarah Smith,Spain,F
7626,Patricia Johnson,Canada,F
7627,Barbara Davis,Germany,F
7628,Linda Miller,UK,F
7629,Mary Rodriguez,India,F
7630,Elizabeth Smith,France,F
7631,Barbara Miller,France,F
7632,David Rodriguez,Germany,M
7633,Mary Williams,Brazil,F
7634,Thomas Johnson,UK,M
7635,Patricia Wilson,Spain,F
7636,Elizabeth Davis,France,F
7637,Susan Smith,France,F
7638,William Wilson,Australia,M
7639,Charles Rodriguez,Australia,M
7640,James Rodriguez,Australia,M
7641,William Jones,USA,M
7642,Elizabeth Garcia,Brazil,F
7643,Mary Smith,Canada,F
7644,Elizabeth Garcia,Germany,F
7645,James Garcia,Canada,M
7646,Barbara Williams,Spain,F
7647,Linda Johnson,India,F
7648,Charles Rodriguez,Australia,M
7649,Daniel Miller,Spain,M
7650,Daniel Johnson,Spain,M
7651,Charles Johnson,Brazil,M
7652,Barbara Williams,Australia,F
7653,Patricia Rodriguez,Italy,F
7654,Linda Garcia,Italy,F
7655,Robert Jones,Spain,M
7656,Karen Garcia,Australia,F
7657,David Johnson,India,M
7658,Karen Wilson,France,F
7659,Robert Brown,Germany,M
7660,Robert Davis,Canada,M
7661,Joseph Jones,Australia,M
7662,Patricia Johnson,Spain,F
7663,Sarah Johnson,USA,F
7664,John Brown,India,M
7665,Daniel Davis,Spain,M
7666,Sarah Smith,Australia,F
7667,Joseph Johnson,India,M
7668,Karen Williams,UK,F
7669,Susan Brown,USA,F
7670,Elizabeth Davis,Canada,F
7671,Patricia Garcia,Australia,F
7672,Jennifer Wilson,Spain,F
7673,Linda Jones,UK,F
7674,William Johnson,France,M
7675,Robert Johnson,Brazil,M
7676,Joseph Williams,Italy,M
7677,Sarah Smith,Germany,F
7678,Thomas Wilson,USA,M
7679,Jessica Miller,Australia,F
7680,Robert Miller,India,M
7681,Sarah Rodriguez,Canada,F
7682,Daniel Wilson,Spain,M
7683,Joseph Smith,Brazil,M
7684,Charles Johnson,Italy,M
7685,Jessica Wilson,Australia,F
7686,John Williams,Germany,M
7687,Susan Smith,France,F
7688,Daniel Garcia,Italy,M
7689,Charles Miller,Brazil,M
7690,Jennifer Garcia,Brazil,F
7691,Robert Johnson,India,M
7692,James Rodriguez,UK,M
7693,James Jones,France,M
7694,Mary Jones,USA,F
7695,Thomas Jones,UK,M
7696,Patricia Johnson,Italy,F
7697,Sarah Williams,Italy,F
7698,Barbara Garcia,Canada,F
7699,William Davis,France,M
7700,John Jones,UK,M
7701,Daniel Williams,India,M
7702,Joseph Jones,Australia,M
7703,Thomas Garcia,Canada,M
7704,Elizabeth Johnson,France,F
7705,Barbara Miller,Australia,F
7706,Patricia Davis,India,F
7707,Sarah Garcia,India,F
7708,Linda Williams,Spain,F
7709,Elizabeth Brown,UK,F
7710,Jennifer Smith,India,F
7711,William Garcia,Germany,M
7712,David Smith,Germany,M
7713,Susan Rodriguez,India,F
7714,David Wilson,Spain,M
7715,Thomas Williams,India,M
7716,Robert Williams,Australia,M
7717,Patricia Rodriguez,UK,F
7718,Linda Davis,Australia,F
7719,Mary Smith,UK,F
7720,David Smith,France,M
7721,James Smith,Canada,M
7722,Sarah Rodriguez,India,F
7723,Karen Davis,Italy,F
7724,Elizabeth Brown,Australia,F
7725,Thomas Garcia,Brazil,M
7726,Michael Johnson,France,M
7727,William Rodriguez,Germany,M
7728,Karen Wilson,Brazil,F
7729,Elizabeth Smith,Spain,F
7730,Daniel Brown,India,M
7731,William Garcia,Australia,M
7732,Michael Smith,UK,M
7733,Jessica Brown,Germany,F
7734,Barbara Davis,Brazil,F
7735,David Miller,Australia,M
7736,William Williams,India,M
7737,Barbara Miller,France,F
7738,James Miller,Spain,M
7739,Linda Rodriguez,Brazil,F
7740,John Rodriguez,India,M
7741,Daniel Wilson,Canada,M
7742,John Brown,Italy,M
7743,Michael Garcia,UK,M
7744,Elizabeth Miller,India,F
7745,Robert Davis,Spain,M
7746,Jessica Rodriguez,India,F
7747,Joseph Brown,India,M
7748,Daniel Miller,USA,M
7749,Michael Miller,Spain,M
7750,Elizabeth Garcia,Spain,F
7751,Charles Miller,UK,M
7752,David Garcia,Italy,M
7753,Daniel Brown,Italy,M
7754,Sarah Williams,USA,F
7755,Thomas Davis,India,M
7756,John Brown,USA,M
7757,Joseph Miller,Canada,M
7758,Jennifer Johnson,Germany,F
7759,Michael Miller,USA,M
7760,Jennifer Brown,USA,F
7761,Patricia Wilson,France,F
7762,Daniel Johnson,Brazil,M
7763,Susan Brown,France,F
7764,John Smith,India,M
7765,Daniel Williams,Italy,M
7766,Michael Jones,France,M
7767,Jessica Wilson,Brazil,F
7768,Joseph Davis,Canada,M
7769,Barbara Garcia,Germany,F
7770,Linda Wilson,Canada,F
7771,Sarah Miller,USA,F
7772,Jennifer Smith,Italy,F
7773,Robert Garcia,Spain,M
7774,Elizabeth Brown,Germany,F
7775,Michael Garcia,Spain,M
7776,James Johnson,Italy,M
7777,David Brown,Canada,M
7778,Daniel Garcia,Australia,M
7779,Linda Brown,India,F
7780,Joseph Smith,Australia,M
7781,Patricia Johnson,Spain,F
7782,Jessica Williams,Australia,F
7783,Thomas Davis,France,M
7784,Thomas Smith,Brazil,M
7785,William Rodriguez,Australia,M
7786,Patricia Williams,Brazil,F
7787,Jennifer Rodriguez,USA,F
7788,Patricia Smith,Italy,F
7789,Elizabeth Johnson,India,F
7790,James Davis,Spain,M
7791,Elizabeth Rodriguez,Germany,F
7792,Linda Wilson,Australia,F
7793,Linda Jones,UK,F
7794,Charles Rodriguez,Brazil,M
7795,Patricia Brown,Canada,F
7796,Robert Williams,UK,M
7797,Robert Rodriguez,India,M
7798,Robert Johnson,France,M
7799,William Davis,USA,M
7800,Michael Williams,UK,M
7801,Karen Wilson,Australia,F
7802,Karen Johnson,Brazil,F
7803,William Wilson,UK,M
7804,Joseph Miller,Australia,M
7805,Daniel Williams,Australia,M
7806,James Williams,Canada,M
7807,Patricia Smith,UK,F
7808,David Rodriguez,Italy,M
7809,Patricia Smith,France,F
7810,Sarah Williams,Spain,F
7811,Daniel Smith,India,M
7812,William Smith,India,M
7813,Mary Miller,Brazil,F
7814,David Johnson,Canada,M
7815,Sarah Williams,Spain,F
7816,Susan Williams,Australia,F
7817,Mary Miller,Brazil,F
7818,John Miller,USA,M
7819,David Rodriguez,France,M
7820,Barbara Garcia,France,F
7821,John Wilson,Italy,M
7822,Linda Williams,Brazil,F
7823,Daniel Smith,India,M
7824,James Jones,Brazil,M
7825,Jessica Brown,USA,F
7826,Patricia Davis,France,F
7827,Karen Davis,UK,F
7828,John Miller,Brazil,M
7829,Charles Smith,Australia,M
7830,Joseph Wilson,Germany,M
7831,Susan Garcia,Germany,F
7832,Elizabeth Miller,Spain,F
7833,David Smith,Spain,M
7834,Susan Jones,India,F
7835,Patricia Johnson,France,F
7836,Barbara Brown,France,F
7837,Linda Garcia,Brazil,F
7838,Charles Smith,Australia,M
7839,Michael Davis,USA,M
7840,Daniel Davis,UK,M
7841,John Smith,Italy,M
7842,Karen Brown,Brazil,F
7843,Susan Miller,Italy,F
7844,Karen Williams,Australia,F
7845,William Jones,Australia,M
7846,Robert Brown,Spain,M
7847,Susan Johnson,Germany,F
7848,Michael Johnson,UK,M
7849,William Rodriguez,Germany,M
7850,Robert Miller,Brazil,M
7851,James Wilson,Spain,M
7852,Joseph Garcia,Italy,M
7853,William Williams,Canada,M
7854,Jennifer Johnson,Germany,F
7855,Jessica Davis,India,F
7856,Linda Brown,USA,F
7857,John Brown,France,M
7858,Susan Williams,Spain,F
7859,Linda Garcia,Italy,F
7860,William Davis,India,M
7861,Robert Williams,Australia,M
7862,Jessica Davis,Italy,F
7863,Mary Jones,Spain,F
7864,Patricia Williams,UK,F
7865,Jessica Smith,Spain,F
7866,Elizabeth Wilson,Canada,F
7867,Barbara Smith,Italy,F
7868,John Jones,France,M
7869,Charles Johnson,Brazil,M
7870,Barbara Davis,Canada,F
7871,Mary Davis,USA,F
7872,Elizabeth Jones,Spain,F
7873,William Jones,Spain,M
7874,Elizabeth Rodriguez,Spain,F
7875,Patricia Brown,UK,F
7876,David Miller,France,M
7877,James Williams,Italy,M
7878,Jennifer Davis,Australia,F
7879,Barbara Garcia,Canada,F
7880,Jennifer Jones,Germany,F
7881,Michael Brown,Italy,M
7882,Mary Garcia,Spain,F
7883,Joseph Smith,Canada,M
7884,Jessica Miller,France,F
7885,Mary Rodriguez,India,F
7886,Susan Davis,Brazil,F
7887,Sarah Smith,India,F
7888,Jennifer Davis,France,F
7889,Sarah Garcia,USA,F
7890,Jessica Williams,Australia,F
7891,David Wilson,Australia,M
7892,Jessica Jones,Italy,F
7893,David Rodriguez,India,M
7894,Mary Brown,Italy,F
7895,Joseph Miller,USA,M
7896,Sarah Davis,Spain,F
7897,Patricia Miller,France,F
7898,John Wilson,Brazil,M
7899,Patricia Wilson,Spain,F
7900,Sarah Davis,Canada,F
7901,Thomas Smith,India,M
7902,Charles Jones,UK,M
7903,Jennifer Jones,USA,F
7904,Elizabeth Wilson,Canada,F
7905,Linda Johnson,Brazil,F
7906,Robert Rodriguez,Canada,M
7907,Daniel Brown,Canada,M
7908,Linda Garcia,Australia,F
7909,Linda Rodriguez,France,F
7910,Linda Smith,UK,F
7911,Jessica Jones,Australia,F
7912,Charles Wilson,Spain,M
7913,Thomas Williams,Italy,M
7914,Jennifer Jones,Canada,F
7915,Thomas Jones,Australia,M
7916,Elizabeth Brown,Canada,F
7917,Mary Johnson,Australia,F
7918,Daniel Miller,Canada,M
7919,Thomas Rodriguez,Spain,M
7920,John Johnson,UK,M
7921,Mary Rodriguez,France,F
7922,Patricia Miller,Spain,F
7923,John Johnson,Canada,M
7924,Sarah Rodriguez,India,F
7925,Linda Davis,India,F
7926,Sarah Wilson,USA,F
7927,John Brown,UK,M
7928,Barbara Wilson,Australia,F
7929,Jessica Wilson,India,F
7930,Joseph Wilson,Italy,M
7931,William Brown,Germany,M
7932,Jennifer Rodriguez,Canada,F
7933,Elizabeth Smith,India,F
7934,Joseph Johnson,India,M
7935,Barbara Davis,France,F
7936,Linda Williams,Australia,F
7937,Jennifer Brown,Spain,F
7938,Mary Smith,France,F
7939,Charles Brown,Canada,M
7940,Mary Williams,Australia,F
7941,Linda Williams,India,F
7942,Sarah Rodriguez,UK,F
7943,Elizabeth Davis,Germany,F
7944,Mary Miller,Italy,F
7945,Jessica Jones,USA,F
7946,John Brown,Canada,M
7947,Sarah Williams,France,F
7948,Linda Brown,USA,F
7949,Susan Wilson,Italy,F
7950,Linda Johnson,Brazil,F
7951,Jennifer Wilson,Germany,F
7952,Linda Jones,Canada,F
7953,Patricia Wilson,UK,F
7954,James Brown,Italy,M
7955,Robert Davis,France,M
7956,Jennifer Johnson,USA,F
7957,Karen Johnson,Brazil,F
7958,Sarah Davis,Brazil,F
7959,William Brown,USA,M
7960,Robert Jones,France,M
7961,James Rodriguez,Germany,M
7962,Daniel Jones,Italy,M
7963,Jessica Rodriguez,Italy,F
7964,Charles Brown,Germany,M
7965,Michael Johnson,India,M
7966,William Miller,India,M
7967,John Smith,UK,M
7968,Patricia Miller,France,F
7969,Sarah Williams,Spain,F
7970,Thomas Williams,India,M
7971,Karen Miller,Australia,F
7972,Susan Garcia,Italy,F
7973,David Miller,France,M
7974,Jennifer Wilson,Italy,F
7975,Sarah Jones,India,F
7976,Patricia Miller,USA,F
7977,David Smith,India,M
7978,Jessica Wilson,Germany,F
7979,Jennifer Davis,France,F
7980,James Johnson,Germany,M
7981,Jennifer Davis,Spain,F
7982,John Davis,France,M
7983,John Wilson,Italy,M
7984,Mary Williams,Brazil,F
7985,Charles Smith,Italy,M
7986,Joseph Wilson,Germany,M
7987,Elizabeth Smith,France,F
7988,Michael Jones,UK,M
7989,James Johnson,Australia,M
7990,Joseph Jones,USA,M
7991,Robert Smith,USA,M
7992,Patricia Brown,USA,F
7993,Michael Miller,France,M
7994,Jennifer Johnson,France,F
7995,Susan Miller,Germany,F
7996,Joseph Garcia,France,M
7997,Mary Rodriguez,Canada,F
7998,Linda Davis,UK,F
7999,William Smith,UK,M
8000,Patricia Jones,Canada,F
8001,Robert Wilson,Brazil,M
8002,Michael Brown,India,M
8003,Charles Smith,Germany,M
8004,Sarah Smith,Italy,F
8005,Jennifer Davis,Canada,F
8006,Jessica Miller,Australia,F
8007,William Miller,Australia,M
8008,Jessica Garcia,Australia,F
8009,Charles Rodriguez,Brazil,M
8010,Karen Davis,Brazil,F
8011,Elizabeth Jones,UK,F
8012,Joseph Johnson,Canada,M
8013,Elizabeth Smith,France,F
8014,Daniel Jones,India,M
8015,William Rodriguez,UK,M
8016,Robert Williams,USA,M
8017,David Smith,Spain,M
8018,Jennifer Brown,USA,F
8019,Barbara Williams,Spain,F
8020,Elizabeth Miller,France,F
8021,Barbara Smith,Australia,F
8022,Jennifer Smith,Germany,F
8023,Susan Smith,Canada,F
8024,Daniel Johnson,Brazil,M
8025,Robert Davis,Brazil,M
8026,Charles Brown,UK,M
8027,Jennifer Miller,Canada,F
8028,Elizabeth Johnson,Canada,F
8029,Thomas Davis,USA,M
8030,Jessica Williams,Canada,F
8031,Susan Wilson,France,F
8032,Karen Brown,Canada,F
8033,William Brown,Spain,M
8034,Barbara Williams,Brazil,F
8035,Susan Davis,Italy,F
8036,Barbara Jones,India,F
8037,Linda Williams,Italy,F
8038,James Williams,France,M
8039,Linda Brown,Italy,F
8040,Elizabeth Davis,Australia,F
8041,John Brown,France,M
8042,Daniel Miller,Brazil,M
8043,David Wilson,Germany,M
8044,John Jones,Canada,M
8045,Susan Williams,Spain,F
8046,James Johnson,UK,M
8047,Thomas Williams,Canada,M
8048,Jennifer Smith,Italy,F
8049,Daniel Rodriguez,UK,M
8050,Joseph Williams,Australia,M
8051,James Rodriguez,Australia,M
8052,Karen Smith,Australia,F
8053,Patricia Wilson,India,F
8054,Susan Jones,India,F
8055,Robert Wilson,India,M
8056,Robert Brown,Australia,M
8057,John Johnson,Germany,M
8058,Mary Johnson,UK,F
8059,Joseph Davis,UK,M
8060,James Johnson,Australia,M
8061,Barbara Garcia,India,F
8062,Susan Jones,USA,F
8063,Linda Brown,USA,F
8064,Robert Jones,Italy,M
8065,Thomas Brown,France,M
8066,Karen Garcia,Australia,F
8067,Mary Garcia,France,F
8068,Joseph Jones,Brazil,M
8069,Daniel Johnson,France,M
8070,Patricia Brown,France,F
8071,Patricia Miller,Canada,F
8072,Thomas Brown,Australia,M
8073,Charles Wilson,France,M
8074,Joseph Smith,UK,M
8075,Karen Jones,Spain,F
8076,Charles Brown,India,M
8077,Joseph Brown,France,M
8078,James Davis,Germany,M
8079,Joseph Davis,Australia,M
8080,Linda Johnson,UK,F
8081,Charles Wilson,Italy,M
8082,James Davis,Australia,M
8083,David Wilson,Canada,M
8084,Patricia Davis,Germany,F
8085,Jennifer Smith,USA,F
8086,William Wilson,France,M
8087,Linda Miller,UK,F
8088,Linda Garcia,Germany,F
8089,Elizabeth Miller,Germany,F
8090,Thomas Johnson,USA,M
8091,Michael Johnson,USA,M
8092,Mary Rodriguez,Australia,F
8093,Susan Smith,USA,F
8094,Charles Brown,Australia,M
8095,Jessica Garcia,Spain,F
8096,Karen Smith,Canada,F
8097,Patricia Garcia,India,F
8098,Susan Rodriguez,Australia,F
8099,Charles Jones,Italy,M
8100,James Brown,Italy,M
8101,David Williams,Australia,M
8102,Linda Rodriguez,Germany,F
8103,Charles Davis,Spain,M
8104,Jennifer Jones,Italy,F
8105,John Miller,Canada,M
8106,William Williams,France,M
8107,Robert Rodriguez,Canada,M
8108,Susan Brown,Brazil,F
8109,Mary Jones,India,F
8110,David Jones,India,M
8111,Barbara Miller,India,F
8112,Thomas Garcia,Germany,M
8113,Patricia Johnson,UK,F
8114,Susan Johnson,Germany,F
8115,Barbara Davis,India,F
8116,Susan Jones,Brazil,F
8117,Susan Garcia,Canada,F
8118,Barbara Brown,Australia,F
8119,Elizabeth Miller,France,F
8120,Mary Rodriguez,Germany,F
8121,Thomas Davis,Australia,M
8122,David Brown,Canada,M
8123,Joseph Rodriguez,Canada,M
8124,Joseph Brown,Germany,M
8125,Thomas Wilson,India,M
8126,Charles Brown,Italy,M
8127,Jessica Garcia,UK,F
8128,Sarah Garcia,India,F
8129,Elizabeth Brown,Germany,F
8130,Charles Brown,Spain,M
8131,Patricia Williams,Spain,F
8132,Jessica Davis,Brazil,F
8133,Elizabeth Rodriguez,USA,F
8134,Robert Smith,India,M
8135,Mary Jones,India,F
8136,Thomas Williams,Spain,M
8137,Elizabeth Davis,Spain,F
8138,Mary Davis,Germany,F
8139,Mary Johnson,UK,F
8140,Jessica Brown,Australia,F
8141,Mary Johnson,Spain,F
8142,Jessica Miller,Italy,F
8143,James Smith,Brazil,M
8144,Michael Johnson,Spain,M
8145,Jessica Rodriguez,USA,F
8146,Jennifer Smith,USA,F
8147,Linda Jones,Spain,F
8148,Barbara Williams,Australia,F
8149,Barbara Jones,Brazil,F
8150,Michael Brown,Spain,M
8151,Elizabeth Wilson,France,F
8152,Mary Miller,Spain,F
8153,Joseph Davis,USA,M
8154,David Davis,Italy,M
8155,Michael Smith,India,M
8156,Mary Garcia,Brazil,F
8157,Charles Brown,Germany,M
8158,Linda Williams,Italy,F
8159,David Garcia,USA,M
8160,Linda Miller,Australia,F
8161,David Garcia,Italy,M
8162,Jennifer Wilson,Spain,F
8163,Karen Johnson,Canada,F
8164,Susan Brown,Spain,F
8165,Daniel Wilson,Brazil,M
8166,Joseph Williams,UK,M
8167,Linda Smith,France,F
8168,Susan Smith,France,F
8169,Joseph Davis,Brazil,M
8170,William Miller,Spain,M
8171,William Smith,Australia,M
8172,Jennifer Williams,Spain,F
8173,John Johnson,USA,M
8174,David Smith,France,M
8175,Karen Wilson,Australia,F
8176,Linda Jones,Australia,F
8177,Jennifer Brown,France,F
8178,William Garcia,Canada,M
8179,Michael Jones,Brazil,M
8180,John Brown,UK,M
8181,Charles Rodriguez,Italy,M
8182,Barbara Wilson,Spain,F
8183,Patricia Jones,France,F
8184,Charles Miller,UK,M
8185,Thomas Miller,UK,M
8186,Mary Smith,France,F
8187,Jessica Johnson,Brazil,F
8188,Thomas Rodriguez,India,M
8189,Michael Jones,Brazil,M
8190,Robert Wilson,Spain,M
8191,Jennifer Garcia,Italy,F
8192,Sarah Brown,USA,F
8193,Karen Wilson,USA,F
8194,Susan Wilson,India,F
8195,Jennifer Rodriguez,Canada,F
8196,William Johnson,Australia,M
8197,Jessica Miller,Germany,F
8198,James Smith,Germany,M
8199,Barbara Garcia,Canada,F
8200,Thomas Johnson,UK,M
8201,Joseph Smith,Germany,M
8202,Michael Brown,Spain,M
8203,Linda Rodriguez,Canada,F
8204,Joseph Jones,France,M
8205,Robert Miller,India,M
8206,Patricia Brown,USA,F
8207,Joseph Williams,USA,M
8208,Barbara Williams,UK,F
8209,Daniel Jones,USA,M
8210,John Garcia,UK,M
8211,Thomas Wilson,Germany,M
8212,Karen Wilson,France,F
8213,Susan Jones,UK,F
8214,Sarah Brown,Germany,F
8215,Jennifer Johnson,Canada,F
8216,Thomas Brown,Germany,M
8217,Robert Davis,Spain,M
8218,Susan Garcia,India,F
8219,Daniel Rodriguez,Spain,M
8220,Karen Garcia,India,F
8221,Mary Brown,Brazil,F
8222,David Garcia,Germany,M
8223,Jessica Davis,Canada,F
8224,William Brown,UK,M
8225,William Williams,Italy,M
8226,Susan Miller,Australia,F
8227,Barbara Garcia,India,F
8228,Linda Jones,USA,F
8229,William Garcia,India,M
8230,Daniel Garcia,USA,M
8231,Joseph Davis,Spain,M
8232,James Smith,USA,M
8233,Michael Wilson,France,M
8234,Barbara Brown,India,F
8235,David Jones,Spain,M
8236,Elizabeth Rodriguez,Brazil,F
8237,Karen Davis,Canada,F
8238,Robert Jones,Brazil,M
8239,Joseph Johnson,France,M
8240,Elizabeth Brown,India,F
8241,Barbara Johnson,UK,F
8242,Thomas Wilson,Spain,M
8243,James Garcia,Spain,M
8244,Karen Jones,Germany,F
8245,Michael Jones,France,M
8246,William Smith,Australia,M
8247,James Williams,Canada,M
8248,Charles Miller,Canada,M
8249,Jennifer Wilson,Italy,F
8250,James Garcia,India,M
8251,Joseph Williams,France,M
8252,Robert Miller,USA,M
8253,Michael Jones,France,M
8254,William Rodriguez,Germany,M
8255,Charles Davis,Brazil,M
8256,Linda Davis,Australia,F
8257,John Davis,India,M
8258,Robert Jones,Spain,M
8259,Jessica Williams,Australia,F
8260,Karen Smith,India,F
8261,John Davis,USA,M
8262,Michael Jones,UK,M
8263,Patricia Jones,Canada,F
8264,Daniel Smith,Germany,M
8265,William Williams,Spain,M
8266,Robert Garcia,UK,M
8267,David Johnson,Brazil,M
8268,Michael Garcia,USA,M
8269,Thomas Williams,Germany,M
8270,John Rodriguez,Germany,M
8271,Robert Wilson,UK,M
8272,Sarah Jones,Italy,F
8273,Joseph Williams,Spain,M
8274,Thomas Wilson,France,M
8275,Joseph Williams,India,M
8276,Daniel Garcia,Germany,M
8277,John Garcia,UK,M
8278,Patricia Smith,India,F
8279,Charles Williams,Italy,M
8280,Susan Garcia,Germany,F
8281,Daniel Miller,Brazil,M
8282,Barbara Rodriguez,Germany,F
8283,William Brown,Spain,M
8284,Susan Davis,Brazil,F
8285,Susan Williams,USA,F
8286,David Rodriguez,Australia,M
8287,John Smith,Spain,M
8288,Joseph Wilson,Italy,M
8289,Jessica Davis,France,F
8290,Patricia Jones,Canada,F
8291,Jessica Wilson,Brazil,F
8292,James Garcia,Australia,M
8293,Thomas Miller,Brazil,M
8294,Daniel Jones,India,M
8295,James Davis,India,M
8296,Joseph Brown,Italy,M
8297,Sarah Rodriguez,Spain,F
8298,Michael Rodriguez,Canada,M
8299,Sarah Rodriguez,Canada,F
8300,Elizabeth Brown,Canada,F
8301,Jennifer Johnson,France,F
8302,Michael Johnson,Spain,M
8303,John Miller,Brazil,M
8304,Sarah Smith,Australia,F
8305,Jennifer Jones,Australia,F
8306,Sarah Wilson,Italy,F
8307,Charles Wilson,France,M
8308,Barbara Rodriguez,UK,F
8309,Charles Brown,Australia,M
8310,Mary Johnson,USA,F
8311,John Wilson,Italy,M
8312,Patricia Miller,Brazil,F
8313,Linda Garcia,Italy,F
8314,Jennifer Jones,India,F
8315,Mary Brown,India,F
8316,John Miller,Brazil,M
8317,Karen Williams,Germany,F
8318,Jennifer Miller,UK,F
8319,Susan Johnson,Italy,F
8320,William Davis,France,M
8321,John Wilson,Canada,M
8322,Barbara Rodriguez,Brazil,F
8323,James Miller,Italy,M
8324,Daniel Davis,India,M
8325,Mary Smith,UK,F
8326,Daniel Garcia,UK,M
8327,Charles Rodriguez,Australia,M
8328,Karen Davis,France,F
8329,William Johnson,India,M
8330,Charles Garcia,UK,M
8331,Charles Wilson,France,M
8332,Barbara Jones,Germany,F
8333,Thomas Smith,Brazil,M
8334,Mary Wilson,Spain,F
8335,James Smith,Italy,M
8336,David Smith,Brazil,M
8337,Linda Miller,India,F
8338,Charles Davis,India,M
8339,Jessica Brown,Australia,F
8340,Jennifer Davis,USA,F
8341,William Williams,India,M
8342,John Davis,Italy,M
8343,Karen Smith,USA,F
8344,Barbara Wilson,Australia,F
8345,David Garcia,Spain,M
8346,Sarah Wilson,Germany,F
8347,Patricia Miller,Australia,F
8348,John Johnson,Spain,M
8349,Jessica Rodriguez,Germany,F
8350,William Davis,Australia,M
8351,Robert Garcia,Spain,M
8352,Daniel Rodriguez,Canada,M
8353,James Smith,France,M
8354,Charles Jones,Germany,M
8355,Linda Jones,Germany,F
8356,Joseph Wilson,UK,M
8357,Daniel Garcia,USA,M
8358,William Garcia,Australia,M
8359,Barbara Davis,Canada,F
8360,William Brown,UK,M
8361,Joseph Miller,UK,M
8362,Robert Garcia,France,M
8363,Joseph Garcia,Canada,M
8364,Sarah Brown,Germany,F
8365,Karen Smith,UK,F
8366,Susan Rodriguez,USA,F
8367,Daniel Garcia,Australia,M
8368,Sarah Smith,France,F
8369,Daniel Davis,Germany,M
8370,Karen Johnson,Germany,F
8371,Charles Davis,Germany,M
8372,Daniel Rodriguez,Australia,M
8373,Sarah Miller,Italy,F
8374,Charles Smith,Canada,M
8375,Mary Garcia,Brazil,F
8376,William Jones,USA,M
8377,Barbara Rodriguez,USA,F
8378,Charles Wilson,Italy,M
8379,David Smith,Australia,M
8380,John Rodriguez,Canada,M
8381,Daniel Rodriguez,Canada,M
8382,Linda Jones,Canada,F
8383,Mary Johnson,Australia,F
8384,Karen Brown,Canada,F
8385,Mary Rodriguez,UK,F
8386,David Johnson,Germany,M
8387,Patricia Miller,Germany,F
8388,Joseph Rodriguez,Canada,M
8389,William Garcia,Spain,M
8390,Barbara Garcia,Germany,F
8391,Thomas Brown,Germany,M
8392,Charles Davis,Brazil,M
8393,Robert Jones,Germany,M
8394,Susan Wilson,Australia,F
8395,Linda Brown,India,F
8396,Daniel Rodriguez,Brazil,M
8397,William Johnson,India,M
8398,Thomas Rodriguez,UK,M
8399,Jennifer Smith,USA,F
8400,Mary Wilson,Canada,F
8401,Karen Brown,Germany,F
8402,Mary Johnson,Brazil,F
8403,Charles Davis,Canada,M
8404,James Williams,France,M
8405,David Wilson,India,M
8406,Karen Rodriguez,USA,F
8407,Robert Miller,UK,M
8408,Charles Johnson,France,M
8409,James Davis,Australia,M
8410,Charles Brown,India,M
8411,James Johnson,Australia,M
8412,Joseph Wilson,Australia,M
8413,Daniel Rodriguez,Italy,M
8414,Robert Davis,Brazil,M
8415,Michael Johnson,Brazil,M
8416,Jessica Rodriguez,Canada,F
8417,Patricia Rodriguez,France,F
8418,David Brown,Australia,M
8419,Barbara Davis,USA,F
8420,Barbara Jones,Australia,F
8421,Thomas Davis,Spain,M
8422,Linda Rodriguez,Italy,F
8423,Susan Rodriguez,UK,F
8424,Barbara Smith,Brazil,F
8425,Daniel Jones,India,M
8426,Elizabeth Brown,Canada,F
8427,Barbara Brown,Germany,F
8428,John Wilson,Italy,M
8429,William Williams,UK,M
8430,Robert Miller,India,M
8431,Mary Wilson,India,F
8432,Linda Jones,Brazil,F
8433,Joseph Davis,France,M
8434,Patricia Miller,Italy,F
8435,John Johnson,Italy,M
8436,Susan Brown,USA,F
8437,Elizabeth Smith,France,F
8438,David Jones,USA,M
8439,Susan Williams,Brazil,F
8440,Susan Wilson,Brazil,F
8441,Joseph Smith,Germany,M
8442,Jessica Wilson,France,F
8443,Elizabeth Williams,Brazil,F
8444,Michael Miller,UK,M
8445,Karen Johnson,Brazil,F
8446,Thomas Garcia,Spain,M
8447,Patricia Wilson,Australia,F
8448,Michael Williams,Brazil,M
8449,Mary Johnson,France,F
8450,Mary Williams,USA,F
8451,Jessica Johnson,Canada,F
8452,David Johnson,France,M
8453,Susan Garcia,Italy,F
8454,Linda Johnson,India,F
8455,Jennifer Miller,USA,F
8456,Daniel Wilson,Spain,M
8457,Susan Garcia,Germany,F
8458,Michael Miller,USA,M
8459,Karen Miller,Canada,F
8460,Sarah Brown,India,F
8461,James Wilson,Canada,M
8462,Jennifer Davis,Brazil,F
8463,Michael Johnson,UK,M
8464,Barbara Williams,France,F
8465,Charles Johnson,Australia,M
8466,Elizabeth Williams,Spain,F
8467,William Garcia,Germany,M
8468,William Johnson,Brazil,M
8469,James Miller,Italy,M
8470,David Garcia,Germany,M
8471,Linda Davis,France,F
8472,Sarah Wilson,UK,F
8473,Jennifer Rodriguez,Italy,F
8474,Karen Brown,France,F
8475,Mary Jones,India,F
8476,Barbara Wilson,UK,F
8477,Daniel Johnson,France,M
8478,Patricia Miller,India,F
8479,Robert Davis,Germany,M
8480,John Johnson,USA,M
8481,Linda Smith,Spain,F
8482,Karen Williams,France,F
8483,Jennifer Wilson,USA,F
8484,Patricia Brown,Italy,F
8485,James Brown,USA,M
8486,Barbara Williams,Italy,F
8487,Elizabeth Garcia,USA,F
8488,Linda Rodriguez,Italy,F
8489,David Johnson,Germany,M
8490,John Miller,Spain,M
8491,Charles Rodriguez,Brazil,M
8492,William Williams,France,M
8493,Robert Williams,Spain,M
8494,Daniel Miller,India,M
8495,Sarah Rodriguez,Germany,F
8496,Joseph Garcia,Brazil,M
8497,John Garcia,Germany,M
8498,Patricia Rodriguez,Germany,F
8499,James Davis,Canada,M
8500,Karen Davis,Spain,F
8501,William Brown,USA,M
8502,Thomas Williams,Italy,M
8503,Jessica Jones,Italy,F
8504,Sarah Brown,Spain,F
8505,William Williams,Australia,M
8506,Sarah Miller,UK,F
8507,James Davis,USA,M
8508,William Williams,France,M
8509,Karen Brown,France,F
8510,Jennifer Miller,Germany,F
8511,Jennifer Rodriguez,Italy,F
8512,Linda Brown,Germany,F
8513,John Johnson,India,M
8514,Karen Jones,USA,F
8515,David Johnson,Brazil,M
8516,Jessica Johnson,Canada,F
8517,Karen Smith,India,F
8518,Charles Johnson,Canada,M
8519,John Wilson,Canada,M
8520,Susan Wilson,Brazil,F
8521,Jessica Brown,Brazil,F
8522,Michael Rodriguez,USA,M
8523,Jennifer Smith,France,F
8524,Daniel Brown,USA,M
8525,Elizabeth Wilson,Canada,F
8526,Robert Wilson,Germany,M
8527,Karen Brown,USA,F
8528,Daniel Miller,India,M
8529,Barbara Jones,Germany,F
8530,Mary Smith,Australia,F
8531,Thomas Davis,Germany,M
8532,John Brown,Italy,M
8533,Barbara Williams,India,F
8534,Susan Jones,USA,F
8535,Thomas Garcia,Italy,M
8536,Michael Wilson,Italy,M
8537,Patricia Johnson,Italy,F
8538,Patricia Williams,France,F
8539,Elizabeth Johnson,USA,F
8540,Sarah Wilson,France,F
8541,Sarah Garcia,UK,F
8542,Joseph Miller,Brazil,M
8543,Joseph Miller,Spain,M
8544,William Smith,Italy,M
8545,Barbara Jones,Australia,F
8546,Joseph Miller,Italy,M
8547,William Davis,Australia,M
8548,Joseph Rodriguez,UK,M
8549,Michael Williams,Germany,M
8550,Elizabeth Garcia,India,F
8551,John Garcia,India,M
8552,Mary Johnson,USA,F
8553,Mary Brown,UK,F
8554,David Rodriguez,Spain,M
8555,Robert Davis,France,M
8556,James Garcia,Canada,M
8557,William Smith,Italy,M
8558,Jessica Davis,Australia,F
8559,William Smith,Spain,M
8560,Barbara Jones,Spain,F
8561,Karen Brown,Spain,F
8562,Sarah Rodriguez,Australia,F
8563,Linda Williams,Brazil,F
8564,Susan Rodriguez,USA,F
8565,Karen Brown,Brazil,F
8566,Barbara Rodriguez,Australia,F
8567,Mary Brown,France,F
8568,Thomas Wilson,France,M
8569,Michael Williams,Australia,M
8570,David Jones,Canada,M
8571,Daniel Williams,India,M
8572,Thomas Rodriguez,Italy,M
8573,Sarah Williams,France,F
8574,David Wilson,Canada,M
8575,Robert Miller,Canada,M
8576,John Brown,Brazil,M
8577,Sarah Wilson,USA,F
8578,Patricia Brown,Italy,F
8579,Linda Rodriguez,UK,F
8580,Linda Garcia,Australia,F
8581,Joseph Davis,Brazil,M
8582,Linda Williams,Italy,F
8583,Thomas Williams,Canada,M
8584,Sarah Rodriguez,India,F
8585,Elizabeth Davis,Canada,F
8586,Jennifer Smith,Germany,F
8587,Thomas Wilson,USA,M
8588,Charles Williams,Canada,M
8589,Michael Johnson,Italy,M
8590,Charles Smith,UK,M
8591,Susan Johnson,India,F
8592,David Smith,Germany,M
8593,Patricia Rodriguez,Germany,F
8594,Joseph Miller,UK,M
8595,Michael Smith,USA,M
8596,Joseph Johnson,Canada,M
8597,Michael Smith,Italy,M
8598,Karen Miller,India,F
8599,William Johnson,India,M
8600,Charles Rodriguez,Germany,M
8601,Daniel Jones,France,M
8602,Jennifer Rodriguez,Australia,F
8603,Jessica Rodriguez,Brazil,F
8604,Jennifer Rodriguez,Australia,F
8605,Jessica Jones,UK,F
8606,Jessica Miller,Brazil,F
8607,Robert Rodriguez,India,M
8608,John Wilson,Canada,M
8609,James Johnson,Germany,M
8610,Charles Johnson,Italy,M
8611,Patricia Johnson,Spain,F
8612,Sarah Williams,Australia,F
8613,Karen Johnson,India,F
8614,David Garcia,Canada,M
8615,Jessica Miller,India,F
8616,Mary Miller,Australia,F
8617,Sarah Miller,France,F
8618,Joseph Brown,Canada,M
8619,Barbara Johnson,Canada,F
8620,Robert Rodriguez,India,M
8621,Patricia Wilson,India,F
8622,Jessica Garcia,France,F
8623,Sarah Smith,Australia,F
8624,Patricia Brown,Italy,F
8625,Jessica Davis,Australia,F
8626,Linda Brown,Germany,F
8627,Patricia Williams,India,F
8628,Joseph Jones,Spain,M
8629,Charles Garcia,Canada,M
8630,Elizabeth Brown,Germany,F
8631,Linda Davis,France,F
8632,David Williams,Germany,M
8633,John Williams,Australia,M
8634,Jennifer Smith,Spain,F
8635,Jessica Williams,Spain,F
8636,Robert Wilson,Spain,M
8637,Barbara Smith,Canada,F
8638,Susan Johnson,UK,F
8639,Patricia Miller,India,F
8640,William Davis,Spain,M
8641,Karen Wilson,India,F
8642,Michael Wilson,Spain,M
8643,Robert Smith,Germany,M
8644,Robert Johnson,UK,M
8645,Charles Garcia,Italy,M
8646,Jessica Williams,UK,F
8647,Thomas Miller,Italy,M
8648,Barbara Rodriguez,Spain,F
8649,Jessica Rodriguez,Brazil,F
8650,Linda Miller,India,F
8651,Elizabeth Davis,France,F
8652,Sarah Miller,France,F
8653,William Williams,Spain,M
8654,Elizabeth Brown,Spain,F
8655,Thomas Brown,Germany,M
8656,William Williams,Spain,M
8657,Robert Jones,France,M
8658,Michael Rodriguez,Spain,M
8659,Daniel Garcia,France,M
8660,Joseph Johnson,India,M
8661,Sarah Johnson,Germany,F
8662,Barbara Williams,Germany,F
8663,Robert Garcia,Australia,M
8664,Thomas Smith,France,M
8665,James Rodriguez,Spain,M
8666,Barbara Johnson,Australia,F
8667,Jessica Wilson,USA,F
8668,Jessica Brown,Brazil,F
8669,Daniel Davis,Brazil,M
8670,Daniel Garcia,USA,M
8671,Elizabeth Garcia,Brazil,F
8672,John Jones,UK,M
8673,Jennifer Brown,Australia,F
8674,David Brown,Canada,M
8675,David Wilson,India,M
8676,Mary Davis,USA,F
8677,Barbara Davis,Spain,F
8678,Jennifer Miller,USA,F
8679,Thomas Rodriguez,India,M
8680,Joseph Brown,UK,M
8681,Sarah Smith,India,F
8682,William Davis,Germany,M
8683,Sarah Smith,UK,F
8684,Joseph Rodriguez,USA,M
8685,Sarah Wilson,USA,F
8686,Karen Davis,France,F
8687,James Jones,USA,M
8688,David Miller,Germany,M
8689,Jennifer Johnson,Brazil,F
8690,Charles Williams,UK,M
8691,Jessica Brown,Brazil,F
8692,Robert Rodriguez,Italy,M
8693,Elizabeth Johnson,Brazil,F
8694,Elizabeth Jones,USA,F
8695,John Williams,India,M
8696,William Williams,USA,M
8697,Linda Williams,Italy,F
8698,Jessica Garcia,USA,F
8699,Sarah Smith,France,F
8700,Susan Miller,USA,F
8701,Daniel Garcia,France,M
8702,Joseph Williams,Germany,M
8703,Sarah Davis,Spain,F
8704,Michael Johnson,Brazil,M
8705,Barbara Johnson,Canada,F
8706,Thomas Miller,Italy,M
8707,Michael Brown,Spain,M
8708,Mary Brown,Germany,F
8709,David Rodriguez,Brazil,M
8710,Susan Rodriguez,Italy,F
8711,Elizabeth Miller,UK,F
8712,Mary Williams,Germany,F
8713,Thomas Wilson,Canada,M
8714,Mary Garcia,Australia,F
8715,John Rodriguez,Australia,M
8716,Daniel Brown,France,M
8717,Patricia Wilson,Germany,F
8718,Mary Garcia,USA,F
8719,Jennifer Garcia,India,F
8720,David Jones,Germany,M
8721,Elizabeth Williams,France,F
8722,Linda Garcia,Spain,F
8723,Daniel Garcia,Spain,M
8724,Elizabeth Miller,France,F
8725,William Smith,India,M
8726,Jessica Jones,Spain,F
8727,Jessica Smith,Italy,F
8728,Karen Davis,France,F
8729,Sarah Smith,Brazil,F
8730,Elizabeth Wilson,USA,F
8731,Daniel Smith,USA,M
8732,Jessica Davis,France,F
8733,Jennifer Williams,Australia,F
8734,Joseph Williams,Italy,M
8735,Barbara Miller,Canada,F
8736,David Jones,France,M
8737,Karen Wilson,Italy,F
8738,Patricia Williams,Spain,F
8739,Mary Smith,Canada,F
8740,James Smith,Australia,M
8741,Susan Johnson,Germany,F
8742,Joseph Smith,UK,M
8743,Sarah Wilson,Germany,F
8744,Susan Davis,France,F
8745,William Smith,India,M
8746,John Miller,India,M
8747,Thomas Smith,Brazil,M
8748,Karen Wilson,Italy,F
8749,Sarah Johnson,Spain,F
8750,Charles Jones,France,M
8751,Jennifer Johnson,Germany,F
8752,Susan Williams,USA,F
8753,Susan Garcia,Spain,F
8754,Linda Garcia,Australia,F
8755,William Wilson,Brazil,M
8756,Jennifer Brown,Spain,F
8757,Karen Wilson,India,F
8758,Karen Smith,Canada,F
8759,Jennifer Davis,Canada,F
8760,Joseph Davis,Germany,M
8761,Charles Smith,Spain,M
8762,Daniel Davis,Spain,M
8763,Joseph Miller,Australia,M
8764,Jennifer Smith,Canada,F
8765,Susan Miller,Germany,F
8766,Susan Smith,India,F
8767,Thomas Williams,Germany,M
8768,Robert Williams,France,M
8769,Elizabeth Miller,India,F
8770,Patricia Johnson,Spain,F
8771,Patricia Garcia,Brazil,F
8772,Charles Johnson,Australia,M
8773,Daniel Davis,France,M
8774,Mary Miller,Brazil,F
8775,Daniel Williams,France,M
8776,Barbara Wilson,Australia,F
8777,Linda Miller,Germany,F
8778,Linda Johnson,France,F
8779,Jessica Miller,Australia,F
8780,Robert Rodriguez,France,M
8781,Daniel Miller,USA,M
8782,Barbara Brown,Australia,F
8783,Elizabeth Williams,Brazil,F
8784,Michael Jones,France,M
8785,Daniel Brown,Italy,M
8786,Daniel Jones,Australia,M
8787,Patricia Rodriguez,Italy,F
8788,John Miller,Canada,M
8789,Jennifer Johnson,Canada,F
8790,Michael Jones,Germany,M
8791,Karen Rodriguez,USA,F
8792,Barbara Rodriguez,UK,F
8793,Joseph Garcia,Australia,M
8794,Mary Smith,India,F
8795,David Johnson,Brazil,M
8796,Joseph Garcia,Germany,M
8797,Michael Smith,India,M
8798,Sarah Smith,Spain,F
8799,William Garcia,France,M
8800,Daniel Davis,France,M
8801,Robert Miller,USA,M
8802,Thomas Smith,Brazil,M
8803,Robert Garcia,Spain,M
8804,Robert Jones,Brazil,M
8805,Thomas Johnson,Germany,M
8806,Linda Garcia,USA,F
8807,Patricia Davis,UK,F
8808,Mary Rodriguez,Germany,F
8809,Susan Williams,Germany,F
8810,Sarah Smith,Italy,F
8811,Barbara Brown,UK,F
8812,John Brown,UK,M
8813,James Rodriguez,India,M
8814,Michael Smith,Brazil,M
8815,Sarah Davis,Brazil,F
8816,Joseph Garcia,Brazil,M
8817,James Garcia,India,M
8818,Susan Rodriguez,Spain,F
8819,Elizabeth Williams,Australia,F
8820,John Johnson,Australia,M
8821,Thomas Wilson,Brazil,M
8822,Michael Miller,Canada,M
8823,Michael Wilson,India,M
8824,Daniel Johnson,France,M
8825,Sarah Garcia,Australia,F
8826,Sarah Smith,Italy,F
8827,Karen Rodriguez,India,F
8828,Charles Garcia,Italy,M
8829,Mary Rodriguez,Spain,F
8830,Thomas Johnson,UK,M
8831,Joseph Smith,Brazil,M
8832,Charles Rodriguez,Canada,M
8833,Linda Johnson,India,F
8834,Jessica Davis,Canada,F
8835,Karen Wilson,UK,F
8836,Linda Miller,Spain,F
8837,Daniel Davis,Italy,M
8838,Charles Wilson,USA,M
8839,Linda Wilson,UK,F
8840,William Brown,Canada,M
8841,Robert Smith,Brazil,M
8842,James Brown,Germany,M
8843,Charles Rodriguez,Canada,M
8844,Sarah Brown,India,F
8845,Elizabeth Jones,Spain,F
8846,Linda Jones,Spain,F
8847,Susan Rodriguez,USA,F
8848,Elizabeth Williams,Brazil,F
8849,Jennifer Brown,USA,F
8850,Mary Wilson,Brazil,F
8851,Elizabeth Davis,UK,F
8852,Mary Miller,Italy,F
8853,Jessica Rodriguez,USA,F
8854,Elizabeth Garcia,India,F
8855,Elizabeth Miller,Australia,F
8856,William Jones,Germany,M
8857,John Smith,Canada,M
8858,Karen Garcia,Brazil,F
8859,Robert Miller,Brazil,M
8860,Michael Brown,UK,M
8861,Joseph Rodriguez,Brazil,M
8862,Michael Rodriguez,France,M
8863,Karen Garcia,Brazil,F
8864,Susan Jones,France,F
8865,Elizabeth Jones,UK,F
8866,James Rodriguez,UK,M
8867,Daniel Johnson,Australia,M
8868,James Miller,Spain,M
8869,Sarah Wilson,France,F
8870,Barbara Davis,Spain,F
8871,Susan Wilson,India,F
8872,Michael Brown,Spain,M
8873,Michael Jones,USA,M
8874,William Garcia,India,M
8875,Charles Garcia,Australia,M
8876,Joseph Davis,Spain,M
8877,David Johnson,Italy,M
8878,Karen Wilson,India,F
8879,David Jones,USA,M
8880,Daniel Davis,Spain,M
8881,Sarah Miller,France,F
8882,Charles Miller,India,M
8883,David Jones,Italy,M
8884,Karen Williams,India,F
8885,Susan Smith,India,F
8886,Robert Smith,Spain,M
8887,Thomas Jones,UK,M
8888,William Wilson,Germany,M
8889,Karen Garcia,France,F
8890,Karen Jones,Spain,F
8891,John Miller,Canada,M
8892,Linda Jones,Italy,F
8893,Michael Davis,Brazil,M
8894,Mary Wilson,Australia,F
8895,Joseph Johnson,Italy,M
8896,Charles Rodriguez,Australia,M
8897,Jennifer Rodriguez,UK,F
8898,Barbara Miller,Canada,F
8899,Sarah Miller,UK,F
8900,Jessica Rodriguez,India,F
8901,Elizabeth Miller,India,F
8902,Daniel Johnson,Australia,M
8903,John Rodriguez,Spain,M
8904,Jennifer Brown,Brazil,F
8905,Thomas Miller,France,M
8906,Karen Williams,USA,F
8907,Robert Rodriguez,UK,M
8908,Jessica Johnson,Australia,F
8909,Patricia Davis,Spain,F
8910,Jennifer Wilson,Germany,F
8911,Linda Brown,Italy,F
8912,Karen Johnson,Brazil,F
8913,David Davis,Brazil,M
8914,Thomas Davis,France,M
8915,Mary Brown,Canada,F
8916,Daniel Brown,UK,M
8917,Robert Wilson,Brazil,M
8918,David Brown,France,M
8919,Susan Davis,UK,F
8920,Linda Williams,Australia,F
8921,Sarah Jones,Canada,F
8922,Susan Johnson,Spain,F
8923,Michael Wilson,USA,M
8924,Karen Davis,Brazil,F
8925,James Smith,India,M
8926,William Garcia,USA,M
8927,Jessica Miller,USA,F
8928,David Williams,India,M
8929,William Johnson,Canada,M
8930,Barbara Rodriguez,Spain,F
8931,John Davis,USA,M
8932,John Williams,France,M
8933,Jessica Jones,Brazil,F
8934,Karen Smith,Brazil,F
8935,Mary Wilson,Germany,F
8936,Joseph Davis,India,M
8937,Sarah Davis,India,F
8938,Robert Johnson,India,M
8939,Joseph Brown,India,M
8940,Jennifer Williams,Australia,F
8941,Jennifer Smith,France,F
8942,Linda Miller,UK,F
8943,Michael Garcia,UK,M
8944,Michael Brown,Brazil,M
8945,Susan Smith,USA,F
8946,Michael Rodriguez,Italy,M
8947,Barbara Garcia,India,F
8948,David Miller,UK,M
8949,Jessica Smith,Spain,F
8950,Robert Garcia,UK,M
8951,Joseph Smith,Canada,M
8952,Robert Miller,Spain,M
8953,Joseph Wilson,Germany,M
8954,Jessica Davis,Germany,F
8955,Jessica Brown,USA,F
8956,Sarah Jones,Brazil,F
8957,Susan Davis,UK,F
8958,Karen Smith,Germany,F
8959,Linda Rodriguez,France,F
8960,Sarah Smith,Brazil,F
8961,Thomas Miller,India,M
8962,Michael Garcia,USA,M
8963,Mary Smith,Canada,F
8964,Jessica Davis,Australia,F
8965,Patricia Miller,France,F
8966,Susan Wilson,UK,F
8967,Susan Brown,Australia,F
8968,Jessica Garcia,Spain,F
8969,William Jones,Australia,M
8970,Daniel Wilson,Brazil,M
8971,Linda Wilson,India,F
8972,Michael Smith,USA,M
8973,Robert Miller,India,M
8974,Patricia Garcia,USA,F
8975,Patricia Brown,Canada,F
8976,Linda Miller,USA,F
8977,Patricia Smith,India,F
8978,Barbara Garcia,USA,F
8979,Elizabeth Garcia,India,F
8980,Charles Brown,Spain,M
8981,James Brown,France,M
8982,Sarah Williams,Spain,F
8983,Elizabeth Davis,Canada,F
8984,Barbara Davis,Germany,F
8985,Jennifer Brown,India,F
8986,Karen Smith,Germany,F
8987,John Wilson,Canada,M
8988,James Brown,Spain,M
8989,John Williams,USA,M
8990,Jennifer Davis,Spain,F
8991,Charles Johnson,India,M
8992,John Smith,Spain,M
8993,Charles Wilson,USA,M
8994,Robert Miller,Brazil,M
8995,Mary Davis,India,F
8996,Daniel Johnson,Canada,M
8997,James Johnson,Canada,M
8998,John Brown,Australia,M
8999,Susan Smith,Australia,F
9000,Daniel Garcia,Australia,M
9001,Charles Davis,France,M
9002,Thomas Wilson,Germany,M
9003,Jessica Smith,Germany,F
9004,Barbara Johnson,Brazil,F
9005,Joseph Williams,France,M
9006,Daniel Wilson,France,M
9007,Joseph Brown,India,M
9008,Jennifer Davis,India,F
9009,Patricia Garcia,Spain,F
9010,Patricia Johnson,Brazil,F
9011,Charles Williams,Australia,M
9012,Jessica Rodriguez,Australia,F
9013,Daniel Jones,Canada,M
9014,John Johnson,Italy,M
9015,Michael Smith,Brazil,M
9016,Joseph Brown,Brazil,M
9017,Charles Brown,France,M
9018,Mary Brown,Canada,F
9019,Karen Jones,Brazil,F
9020,William Rodriguez,Spain,M
9021,Patricia Miller,USA,F
9022,William Johnson,Brazil,M
9023,Thomas Garcia,Canada,M
9024,Robert Miller,Australia,M
9025,Jennifer Jones,USA,F
9026,Charles Miller,Spain,M
9027,Daniel Garcia,UK,M
9028,Jennifer Brown,UK,F
9029,Barbara Miller,Australia,F
9030,William Brown,Canada,M
9031,Joseph Wilson,India,M
9032,Joseph Smith,France,M
9033,Jennifer Davis,Australia,F
9034,Elizabeth Rodriguez,Germany,F
9035,Linda Williams,Spain,F
9036,Elizabeth Jones,Italy,F
9037,Thomas Garcia,Canada,M
9038,Linda Garcia,Germany,F
9039,Sarah Williams,France,F
9040,Joseph Garcia,France,M
9041,Linda Miller,Brazil,F
9042,Mary Brown,France,F
9043,Thomas Davis,Canada,M
9044,Thomas Smith,Germany,M
9045,Joseph Jones,Germany,M
9046,Susan Smith,Spain,F
9047,John Johnson,USA,M
9048,James Smith,Brazil,M
9049,Patricia Brown,Spain,F
9050,William Jones,USA,M
9051,Michael Davis,Spain,M
9052,Jennifer Smith,Spain,F
9053,Susan Garcia,India,F
9054,Sarah Brown,Australia,F
9055,Elizabeth Smith,Canada,F
9056,James Williams,Spain,M
9057,Linda Garcia,Brazil,F
9058,Robert Johnson,UK,M
9059,Jessica Garcia,Australia,F
9060,Joseph Jones,Australia,M
9061,Elizabeth Williams,Brazil,F
9062,Jennifer Miller,Spain,F
9063,Barbara Williams,UK,F
9064,Joseph Davis,Canada,M
9065,John Rodriguez,Italy,M
9066,James Johnson,USA,M
9067,Daniel Johnson,Australia,M
9068,David Johnson,France,M
9069,Patricia Williams,UK,F
9070,Joseph Jones,India,M
9071,Karen Wilson,Spain,F
9072,Michael Brown,Canada,M
9073,John Jones,India,M
9074,Patricia Johnson,Germany,F
9075,Barbara Davis,USA,F
9076,Mary Brown,Canada,F
9077,David Wilson,Germany,M
9078,Sarah Smith,Italy,F
9079,Linda Miller,Australia,F
9080,Elizabeth Garcia,Germany,F
9081,Sarah Davis,UK,F
9082,James Rodriguez,Australia,M
9083,James Smith,Germany,M
9084,Sarah Jones,Spain,F
9085,Thomas Williams,Spain,M
9086,James Brown,Australia,M
9087,Susan Williams,Germany,F
9088,Linda Davis,Australia,F
9089,Elizabeth Williams,Australia,F
9090,Mary Wilson,Canada,F
9091,Charles Williams,USA,M
9092,Michael Jones,Italy,M
9093,Robert Garcia,UK,M
9094,Jennifer Garcia,Spain,F
9095,Susan Smith,Spain,F
9096,Jennifer Smith,France,F
9097,Daniel Rodriguez,Canada,M
9098,Barbara Davis,Germany,F
9099,Jennifer Smith,Brazil,F
9100,Michael Rodriguez,Brazil,M
9101,Jennifer Williams,UK,F
9102,Michael Rodriguez,Brazil,M
9103,Linda Brown,Italy,F
9104,Joseph Davis,India,M
9105,Karen Davis,Brazil,F
9106,Daniel Jones,Germany,M
9107,Patricia Williams,Australia,F
9108,Daniel Garcia,USA,M
9109,Thomas Williams,USA,M
9110,Daniel Smith,Spain,M
9111,Daniel Johnson,Canada,M
9112,Michael Johnson,Brazil,M
9113,Thomas Jones,Australia,M
9114,Daniel Miller,Germany,M
9115,Daniel Rodriguez,France,M
9116,Jessica Garcia,Italy,F
9117,Sarah Williams,USA,F
9118,Barbara Garcia,Italy,F
9119,Thomas Garcia,USA,M
9120,Mary Garcia,Australia,F
9121,David Rodriguez,Spain,M
9122,Michael Miller,Italy,M
9123,James Smith,Germany,M
9124,Linda Jones,UK,F
9125,Joseph Davis,Spain,M
9126,Susan Garcia,Germany,F
9127,David Brown,Canada,M
9128,Sarah Johnson,France,F
9129,John Davis,Brazil,M
9130,Jessica Williams,India,F
9131,James Johnson,Germany,M
9132,Daniel Jones,Italy,M
9133,Karen Miller,UK,F
9134,William Jones,Australia,M
9135,William Garcia,France,M
9136,John Rodriguez,USA,M
9137,Linda Miller,Brazil,F
9138,John Jones,Australia,M
9139,David Davis,Canada,M
9140,Patricia Brown,Canada,F
9141,James Brown,France,M
9142,Jessica Garcia,Brazil,F
9143,Patricia Rodriguez,Brazil,F
9144,Jessica Wilson,India,F
9145,Joseph Smith,Canada,M
9146,Susan Smith,UK,F
9147,James Brown,Italy,M
9148,Daniel Brown,Italy,M
9149,Sarah Williams,Germany,F
9150,Daniel Johnson,UK,M
9151,David Smith,Spain,M
9152,Elizabeth Brown,UK,F
9153,Sarah Rodriguez,France,F
9154,Thomas Wilson,Brazil,M
9155,Thomas Miller,India,M
9156,Patricia Wilson,Italy,F
9157,Charles Rodriguez,Australia,M
9158,William Jones,Germany,M
9159,Sarah Brown,USA,F
9160,David Johnson,France,M
9161,Sarah Jones,Brazil,F
9162,Charles Jones,Brazil,M
9163,Joseph Miller,India,M
9164,Mary Wilson,India,F
9165,Patricia Jones,France,F
9166,Sarah Garcia,India,F
9167,Daniel Brown,Brazil,M
9168,Karen Davis,Brazil,F
9169,Thomas Brown,France,M
9170,Charles Davis,India,M
9171,Charles Jones,Australia,M
9172,John Johnson,France,M
9173,Patricia Davis,Italy,F
9174,Robert Wilson,Australia,M
9175,Michael Jones,India,M
9176,Patricia Johnson,Australia,F
9177,Barbara Brown,Spain,F
9178,John Jones,Germany,M
9179,Mary Garcia,Italy,F
9180,Charles Miller,Canada,M
9181,Jessica Garcia,Spain,F
9182,Robert Smith,Italy,M
9183,Joseph Wilson,France,M
9184,Jessica Johnson,Australia,F
9185,Patricia Jones,Brazil,F
9186,William Brown,Italy,M
9187,James Johnson,USA,M
9188,John Smith,USA,M
9189,James Jones,Canada,M
9190,John Brown,Australia,M
9191,Patricia Brown,Australia,F
9192,Michael Garcia,Australia,M
9193,James Garcia,Spain,M
9194,James Williams,Italy,M
9195,Charles Garcia,Spain,M
9196,Jessica Wilson,Australia,F
9197,Patricia Johnson,Spain,F
9198,Linda Johnson,Brazil,F
9199,Jennifer Williams,Australia,F
9200,James Brown,Brazil,M
9201,Susan Smith,Canada,F
9202,James Miller,Canada,M
9203,James Jones,India,M
9204,Robert Smith,India,M
9205,William Rodriguez,Canada,M
9206,James Wilson,Canada,M
9207,Jessica Williams,Germany,F
9208,Robert Jones,UK,M
9209,Jennifer Brown,Spain,F
9210,Sarah Williams,UK,F
9211,Linda Rodriguez,Canada,F
9212,Mary Williams,USA,F
9213,David Wilson,UK,M
9214,Patricia Rodriguez,UK,F
9215,Charles Jones,USA,M
9216,Jennifer Johnson,Germany,F
9217,Joseph Brown,Italy,M
9218,John Garcia,Canada,M
9219,Susan Johnson,Germany,F
9220,Jessica Jones,Spain,F
9221,Jessica Wilson,USA,F
9222,Susan Garcia,USA,F
9223,Charles Wilson,Brazil,M
9224,Elizabeth Garcia,India,F
9225,Susan Miller,France,F
9226,Barbara Garcia,India,F
9227,Jennifer Miller,UK,F
9228,Karen Rodriguez,Germany,F
9229,John Garcia,Germany,M
9230,Michael Miller,UK,M
9231,Sarah Williams,Brazil,F
9232,Jennifer Rodriguez,Spain,F
9233,Elizabeth Miller,UK,F
9234,Charles Williams,UK,M
9235,Robert Williams,USA,M
9236,Sarah Johnson,Canada,F
9237,David Brown,UK,M
9238,Charles Brown,Australia,M
9239,Daniel Rodriguez,India,M
9240,Jennifer Davis,Brazil,F
9241,Sarah Rodriguez,France,F
9242,Barbara Brown,Spain,F
9243,David Smith,Germany,M
9244,Linda Davis,Brazil,F
9245,Michael Davis,France,M
9246,Jennifer Williams,Spain,F
9247,James Miller,UK,M
9248,Patricia Rodriguez,USA,F
9249,Linda Jones,France,F
9250,Charles Williams,Brazil,M
9251,James Miller,Canada,M
9252,Jessica Williams,Germany,F
9253,Karen Wilson,Spain,F
9254,Susan Wilson,UK,F
9255,Patricia Johnson,Australia,F
9256,William Wilson,Australia,M
9257,William Miller,Australia,M
9258,Sarah Garcia,Canada,F
9259,Susan Smith,USA,F
9260,Joseph Jones,Brazil,M
9261,Barbara Rodriguez,Brazil,F
9262,Charles Miller,Italy,M
9263,Joseph Rodriguez,Germany,M
9264,David Wilson,Italy,M
9265,Patricia Williams,USA,F
9266,Susan Garcia,France,F
9267,Charles Jones,USA,M
9268,Patricia Jones,UK,F
9269,Barbara Miller,Germany,F
9270,Mary Johnson,Italy,F
9271,Sarah Williams,Italy,F
9272,Charles Garcia,Canada,M
9273,David Wilson,UK,M
9274,Patricia Williams,Brazil,F
9275,Michael Wilson,Canada,M
9276,Michael Garcia,UK,M
9277,Joseph Jones,UK,M
9278,Elizabeth Wilson,India,F
9279,Daniel Wilson,USA,M
9280,Jennifer Jones,UK,F
9281,Patricia Brown,Australia,F
9282,Mary Johnson,UK,F
9283,Michael Garcia,Spain,M
9284,Patricia Miller,Spain,F
9285,Sarah Miller,USA,F
9286,Charles Wilson,UK,M
9287,Thomas Smith,Italy,M
9288,Sarah Brown,Italy,F
9289,John Jones,India,M
9290,Mary Brown,Italy,F
9291,Charles Brown,Italy,M
9292,David Jones,Spain,M
9293,Michael Smith,UK,M
9294,David Jones,Australia,M
9295,Jessica Wilson,India,F
9296,Patricia Rodriguez,Brazil,F
9297,Jennifer Davis,France,F
9298,David Miller,Spain,M
9299,Mary Davis,UK,F
9300,Susan Brown,Germany,F
9301,Joseph Wilson,USA,M
9302,James Miller,Spain,M
9303,David Jones,Spain,M
9304,Robert Jones,USA,M
9305,Mary Smith,Brazil,F
9306,Patricia Rodriguez,Brazil,F
9307,James Wilson,Canada,M
9308,William Jones,Australia,M
9309,John Rodriguez,Brazil,M
9310,David Brown,Germany,M
9311,Robert Garcia,Canada,M
9312,Patricia Brown,India,F
9313,Daniel Johnson,Germany,M
9314,John Davis,Italy,M
9315,Jennifer Williams,USA,F
9316,Patricia Williams,UK,F
9317,Patricia Wilson,Germany,F
9318,Mary Miller,UK,F
9319,William Miller,Germany,M
9320,Susan Brown,Australia,F
9321,David Williams,UK,M
9322,Joseph Williams,Italy,M
9323,Elizabeth Jones,France,F
9324,Elizabeth Williams,Spain,F
9325,William Garcia,USA,M
9326,David Garcia,Brazil,M
9327,Thomas Wilson,Brazil,M
9328,Linda Johnson,Spain,F
9329,Charles Jones,USA,M
9330,Daniel Johnson,India,M
9331,Linda Jones,Germany,F
9332,Susan Jones,USA,F
9333,Robert Miller,Spain,M
9334,Jessica Smith,Australia,F
9335,Karen Rodriguez,France,F
9336,Jessica Garcia,Brazil,F
9337,James Williams,France,M
9338,Karen Garcia,UK,F
9339,Mary Brown,USA,F
9340,Sarah Jones,Canada,F
9341,Mary Garcia,Germany,F
9342,Linda Jones,Australia,F
9343,Sarah Garcia,USA,F
9344,Charles Miller,UK,M
9345,Robert Johnson,USA,M
9346,Sarah Brown,Brazil,F
9347,Karen Williams,UK,F
9348,Jennifer Garcia,India,F
9349,William Miller,Canada,M
9350,David Wilson,Germany,M
9351,David Davis,Spain,M
9352,Jennifer Davis,Spain,F
9353,David Smith,France,M
9354,Jessica Miller,Spain,F
9355,David Brown,Australia,M
9356,Susan Williams,Germany,F
9357,Robert Williams,Canada,M
9358,Charles Johnson,India,M
9359,Joseph Wilson,UK,M
9360,James Rodriguez,UK,M
9361,Mary Garcia,Brazil,F
9362,Karen Garcia,Australia,F
9363,Susan Williams,USA,F
9364,James Brown,Germany,M
9365,Elizabeth Johnson,Spain,F
9366,Robert Jones,Italy,M
9367,Susan Miller,Canada,F
9368,William Johnson,Australia,M
9369,Thomas Smith,USA,M
9370,David Johnson,Spain,M
9371,William Davis,France,M
9372,Michael Wilson,Spain,M
9373,Daniel Jones,Australia,M
9374,James Smith,Italy,M
9375,Susan Johnson,Australia,F
9376,Sarah Miller,Spain,F
9377,Elizabeth Wilson,Germany,F
9378,John Miller,UK,M
9379,Karen Smith,France,F
9380,Joseph Rodriguez,USA,M
9381,Jessica Johnson,UK,F
9382,Joseph Davis,Spain,M
9383,Thomas Jones,Canada,M
9384,David Wilson,Germany,M
9385,Sarah Rodriguez,Australia,F
9386,James Smith,Canada,M
9387,Sarah Miller,Spain,F
9388,Charles Brown,Canada,M
9389,Sarah Williams,France,F
9390,William Williams,Brazil,M
9391,Jennifer Johnson,Germany,F
9392,William Wilson,India,M
9393,David Johnson,France,M
9394,Patricia Miller,USA,F
9395,John Wilson,Brazil,M
9396,William Johnson,Australia,M
9397,Linda Jones,Spain,F
9398,Jennifer Davis,Germany,F
9399,Daniel Brown,Canada,M
9400,David Rodriguez,Australia,M
9401,Barbara Brown,Brazil,F
9402,James Brown,Canada,M
9403,Susan Garcia,Italy,F
9404,Susan Smith,Brazil,F
9405,Daniel Williams,UK,M
9406,James Smith,Brazil,M
9407,Sarah Smith,Italy,F
9408,Charles Wilson,Australia,M
9409,Susan Brown,Italy,F
9410,Thomas Rodriguez,Canada,M
9411,William Davis,Germany,M
9412,Joseph Jones,UK,M
9413,Susan Miller,Spain,F
9414,Jessica Garcia,UK,F
9415,David Williams,Australia,M
9416,Daniel Williams,Italy,M
9417,William Davis,Spain,M
9418,Joseph Rodriguez,France,M
9419,Charles Davis,Italy,M
9420,Susan Brown,Italy,F
9421,Jennifer Brown,Australia,F
9422,Charles Brown,France,M
9423,Daniel Garcia,India,M
9424,Mary Wilson,India,F
9425,Michael Garcia,USA,M
9426,Karen Jones,Brazil,F
9427,David Brown,France,M
9428,Linda Wilson,Italy,F
9429,Michael Johnson,Spain,M
9430,Barbara Williams,France,F
9431,Jennifer Jones,France,F
9432,Barbara Smith,Italy,F
9433,Charles Wilson,UK,M
9434,Susan Brown,Germany,F
9435,Daniel Davis,Spain,M
9436,Thomas Johnson,UK,M
9437,Charles Jones,Australia,M
9438,Elizabeth Jones,Italy,F
9439,Sarah Jones,Canada,F
9440,Patricia Wilson,Italy,F
9441,Michael Jones,Brazil,M
9442,Joseph Miller,Brazil,M
9443,Charles Johnson,Australia,M
9444,Joseph Brown,Australia,M
9445,Elizabeth Williams,Italy,F
9446,Susan Wilson,UK,F
9447,Michael Rodriguez,India,M
9448,Barbara Jones,Brazil,F
9449,Barbara Rodriguez,Germany,F
9450,Susan Williams,USA,F
9451,Susan Johnson,Spain,F
9452,Charles Brown,Brazil,M
9453,Susan Jones,Canada,F
9454,Susan Garcia,Australia,F
9455,Jessica Johnson,UK,F
9456,John Wilson,France,M
9457,Jennifer Garcia,Germany,F
9458,Thomas Johnson,UK,M
9459,Joseph Rodriguez,Spain,M
9460,William Williams,Germany,M
9461,David Wilson,India,M
9462,William Brown,Canada,M
9463,Joseph Williams,Brazil,M
9464,James Johnson,UK,M
9465,Jennifer Wilson,Australia,F
9466,Jennifer Garcia,USA,F
9467,John Garcia,Spain,M
9468,Elizabeth Miller,UK,F
9469,Daniel Wilson,Italy,M
9470,Barbara Johnson,Canada,F
9471,Jennifer Williams,India,F
9472,Joseph Jones,Spain,M
9473,John Garcia,USA,M
9474,Charles Miller,USA,M
9475,Karen Brown,Canada,F
9476,John Smith,USA,M
9477,Joseph Davis,Germany,M
9478,Michael Brown,Canada,M
9479,Susan Miller,Australia,F
9480,Jessica Smith,Australia,F
9481,Mary Williams,Brazil,F
9482,Mary Williams,Canada,F
9483,Patricia Wilson,India,F
9484,Sarah Smith,Spain,F
9485,Daniel Rodriguez,USA,M
9486,Daniel Wilson,Australia,M
9487,Susan Davis,Australia,F
9488,Jennifer Miller,Canada,F
9489,Elizabeth Garcia,France,F
9490,Elizabeth Brown,Canada,F
9491,Robert Smith,Brazil,M
9492,William Williams,France,M
9493,David Davis,France,M
9494,Sarah Brown,France,F
9495,Sarah Johnson,India,F
9496,Daniel Garcia,Germany,M
9497,Jessica Smith,India,F
9498,Charles Davis,Australia,M
9499,James Smith,Canada,M
9500,Sarah Miller,Canada,F
9501,Daniel Garcia,UK,M
9502,Sarah Garcia,Canada,F
9503,Charles Brown,India,M
9504,Joseph Johnson,Canada,M
9505,Susan Williams,Spain,F
9506,Robert Garcia,Italy,M
9507,Sarah Miller,Italy,F
9508,Susan Davis,USA,F
9509,Charles Garcia,Spain,M
9510,Robert Jones,Brazil,M
9511,Elizabeth Johnson,France,F
9512,Charles Davis,Canada,M
9513,Barbara Garcia,France,F
9514,Charles Rodriguez,USA,M
9515,Patricia Jones,France,F
9516,Thomas Garcia,France,M
9517,Jessica Johnson,Germany,F
9518,Mary Garcia,Italy,F
9519,Mary Smith,Brazil,F
9520,Robert Rodriguez,UK,M
9521,Joseph Garcia,Brazil,M
9522,William Johnson,India,M
9523,David Brown,Canada,M
9524,James Davis,USA,M
9525,Karen Wilson,Germany,F
9526,Jessica Wilson,Canada,F
9527,Elizabeth Jones,USA,F
9528,Mary Rodriguez,Brazil,F
9529,Charles Johnson,Italy,M
9530,Elizabeth Miller,Australia,F
9531,Barbara Brown,France,F
9532,Patricia Johnson,Germany,F
9533,Jessica Davis,UK,F
9534,Thomas Smith,Canada,M
9535,Jennifer Williams,Canada,F
9536,Linda Davis,Brazil,F
9537,John Wilson,France,M
9538,Patricia Jones,India,F
9539,Robert Smith,India,M
9540,David Miller,Spain,M
9541,Jennifer Davis,Italy,F
9542,Elizabeth Smith,India,F
9543,Robert Smith,India,M
9544,Elizabeth Jones,Brazil,F
9545,Karen Brown,France,F
9546,Thomas Jones,Canada,M
9547,Patricia Smith,Spain,F
9548,Susan Smith,Germany,F
9549,Jessica Johnson,Italy,F
9550,Barbara Miller,UK,F
9551,Sarah Jones,India,F
9552,Karen Johnson,Brazil,F
9553,Sarah Jones,Canada,F
9554,Linda Garcia,India,F
9555,Daniel Wilson,Brazil,M
9556,Daniel Davis,Italy,M
9557,Thomas Brown,Canada,M
9558,Jennifer Jones,UK,F
9559,Thomas Rodriguez,Australia,M
9560,David Brown,Spain,M
9561,Jennifer Smith,Italy,F
9562,Robert Rodriguez,Spain,M
9563,Charles Garcia,Canada,M
9564,Charles Brown,Spain,M
9565,Michael Garcia,USA,M
9566,Charles Miller,Germany,M
9567,Elizabeth Garcia,Italy,F
9568,Linda Garcia,Germany,F
9569,Michael Jones,Italy,M
9570,Jennifer Williams,USA,F
9571,Jessica Brown,India,F
9572,Elizabeth Davis,UK,F
9573,Daniel Johnson,India,M
9574,Patricia Wilson,USA,F
9575,Joseph Davis,Germany,M
9576,Robert Jones,Brazil,M
9577,Charles Miller,Canada,M
9578,William Garcia,Brazil,M
9579,Susan Miller,Brazil,F
9580,Charles Rodriguez,Italy,M
9581,Susan Davis,Australia,F
9582,Barbara Miller,Brazil,F
9583,Jennifer Wilson,Australia,F
9584,Michael Miller,USA,M
9585,Michael Garcia,UK,M
9586,Linda Johnson,India,F
9587,Charles Brown,Canada,M
9588,Joseph Davis,Australia,M
9589,John Miller,Canada,M
9590,Daniel Brown,Brazil,M
9591,James Garcia,Canada,M
9592,Sarah Garcia,Brazil,F
9593,Mary Brown,India,F
9594,Robert Williams,USA,M
9595,Patricia Rodriguez,France,F
9596,James Wilson,Australia,M
9597,John Rodriguez,India,M
9598,Karen Smith,UK,F
9599,Joseph Williams,Canada,M
9600,Karen Garcia,Italy,F
9601,Jennifer Wilson,Spain,F
9602,Linda Smith,Australia,F
9603,William Miller,USA,M
9604,Patricia Johnson,Italy,F
9605,Jennifer Jones,Germany,F
9606,Karen Wilson,UK,F
9607,Patricia Brown,USA,F
9608,Elizabeth Williams,USA,F
9609,Barbara Garcia,Canada,F
9610,Elizabeth Miller,UK,F
9611,Michael Garcia,France,M
9612,Susan Brown,India,F
9613,Elizabeth Garcia,Australia,F
9614,William Miller,Brazil,M
9615,James Johnson,Australia,M
9616,Elizabeth Wilson,USA,F
9617,Michael Davis,Australia,M
9618,Jennifer Jones,Germany,F
9619,Joseph Johnson,India,M
9620,Linda Smith,Spain,F
9621,Michael Williams,Australia,M
9622,Sarah Brown,UK,F
9623,Charles Jones,Germany,M
9624,Jessica Wilson,Australia,F
9625,David Garcia,Spain,M
9626,Sarah Davis,Germany,F
9627,Sarah Garcia,Germany,F
9628,Karen Smith,Canada,F
9629,William Davis,India,M
9630,Joseph Rodriguez,Brazil,M
9631,Jennifer Garcia,Spain,F
9632,Mary Jones,Germany,F
9633,Patricia Rodriguez,Spain,F
9634,Barbara Williams,Germany,F
9635,Susan Johnson,Germany,F
9636,Barbara Wilson,Italy,F
9637,Sarah Jones,France,F
9638,Jennifer Garcia,Brazil,F
9639,Joseph Smith,Australia,M
9640,Thomas Williams,Canada,M
9641,John Wilson,Brazil,M
9642,Sarah Smith,Spain,F
9643,James Smith,Australia,M
9644,David Rodriguez,Brazil,M
9645,Charles Williams,Brazil,M
9646,Karen Jones,India,F
9647,Barbara Davis,Australia,F
9648,Michael Jones,Brazil,M
9649,Sarah Rodriguez,Germany,F
9650,John Johnson,Brazil,M
9651,Joseph Garcia,Italy,M
9652,Thomas Garcia,Australia,M
9653,John Brown,Canada,M
9654,James Williams,Spain,M
9655,Patricia Williams,Australia,F
9656,John Williams,Australia,M
9657,Patricia Garcia,France,F
9658,Mary Garcia,Brazil,F
9659,James Brown,France,M
9660,John Brown,Brazil,M
9661,Linda Brown,France,F
9662,Jessica Wilson,Canada,F
9663,Michael Miller,India,M
9664,Mary Johnson,Canada,F
9665,Patricia Garcia,Spain,F
9666,Daniel Jones,Spain,M
9667,Charles Williams,Australia,M
9668,Jessica Davis,Spain,F
9669,John Wilson,France,M
9670,David Williams,Spain,M
9671,Robert Johnson,UK,M
9672,Michael Smith,Brazil,M
9673,Barbara Rodriguez,Canada,F
9674,Karen Williams,Italy,F
9675,Barbara Smith,India,F
9676,Sarah Garcia,Germany,F
9677,Joseph Rodriguez,Australia,M
9678,Robert Garcia,Spain,M
9679,Mary Wilson,France,F
9680,John Smith,UK,M
9681,Joseph Miller,France,M
9682,Charles Garcia,Germany,M
9683,William Jones,Italy,M
9684,Michael Rodriguez,India,M
9685,Jennifer Brown,USA,F
9686,William Garcia,France,M
9687,Robert Davis,France,M
9688,Joseph Smith,USA,M
9689,David Brown,France,M
9690,Patricia Smith,Germany,F
9691,David Miller,USA,M
9692,Susan Garcia,France,F
9693,Michael Smith,France,M
9694,Joseph Wilson,Brazil,M
9695,Charles Miller,Germany,M
9696,John Rodriguez,France,M
9697,Joseph Williams,France,M
9698,William Davis,India,M
9699,Linda Wilson,Italy,F
9700,Barbara Rodriguez,Brazil,F
9701,Karen Jones,USA,F
9702,James Johnson,Brazil,M
9703,Patricia Johnson,Germany,F
9704,Linda Brown,Spain,F
9705,Robert Jones,Germany,M
9706,Robert Garcia,France,M
9707,Sarah Jones,Canada,F
9708,Barbara Miller,France,F
9709,William Rodriguez,USA,M
9710,Patricia Williams,UK,F
9711,Jennifer Davis,UK,F
9712,Linda Wilson,Canada,F
9713,Sarah Davis,USA,F
9714,Mary Rodriguez,Canada,F
9715,Patricia Jones,India,F
9716,Joseph Jones,Spain,M
9717,William Wilson,Brazil,M
9718,Jessica Jones,France,F
9719,Susan Smith,Australia,F
9720,Daniel Jones,UK,M
9721,James Williams,Spain,M
9722,Elizabeth Davis,Australia,F
9723,David Miller,India,M
9724,Elizabeth Davis,Italy,F
9725,Patricia Davis,USA,F
9726,Barbara Johnson,Germany,F
9727,Joseph Smith,Australia,M
9728,Joseph Davis,France,M
9729,Robert Johnson,Brazil,M
9730,Michael Miller,Italy,M
9731,John Jones,India,M
9732,John Rodriguez,India,M
9733,John Davis,Canada,M
9734,Susan Jones,France,F
9735,John Johnson,Italy,M
9736,Barbara Wilson,Spain,F
9737,David Rodriguez,USA,M
9738,Michael Davis,India,M
9739,Charles Jones,UK,M
9740,John Brown,USA,M
9741,Barbara Davis,Italy,F
9742,Michael Davis,Canada,M
9743,Patricia Garcia,UK,F
9744,Daniel Garcia,Italy,M
9745,Daniel Rodriguez,USA,M
9746,Joseph Rodriguez,USA,M
9747,Jennifer Rodriguez,France,F
9748,Jennifer Miller,Italy,F
9749,Jessica Wilson,India,F
9750,Sarah Jones,Germany,F
9751,Joseph Garcia,USA,M
9752,John Miller,France,M
9753,Patricia Smith,France,F
9754,David Smith,Spain,M
9755,Elizabeth Jones,Australia,F
9756,Charles Miller,Italy,M
9757,Jennifer Smith,France,F
9758,Elizabeth Rodriguez,Australia,F
9759,Mary Jones,Germany,F
9760,Thomas Jones,Brazil,M
9761,John Miller,Canada,M
9762,Susan Smith,Germany,F
9763,Michael Rodriguez,France,M
9764,Susan Wilson,UK,F
9765,Jennifer Miller,India,F
9766,Joseph Garcia,Spain,M
9767,Barbara Brown,Canada,F
9768,John Davis,Germany,M
9769,Jennifer Wilson,Canada,F
9770,Joseph Johnson,Brazil,M
9771,Thomas Wilson,USA,M
9772,Sarah Brown,UK,F
9773,Jennifer Williams,Germany,F
9774,Mary Wilson,India,F
9775,Jennifer Jones,UK,F
9776,Michael Miller,India,M
9777,John Jones,UK,M
9778,Sarah Davis,Brazil,F
9779,Jessica Garcia,Germany,F
9780,John Davis,Brazil,M
9781,Mary Garcia,France,F
9782,Barbara Wilson,Canada,F
9783,Patricia Williams,USA,F
9784,David Williams,Germany,M
9785,Karen Rodriguez,Spain,F
9786,Robert Rodriguez,Italy,M
9787,Mary Smith,Australia,F
9788,Thomas Johnson,Germany,M
9789,Joseph Davis,Italy,M
9790,Robert Williams,Canada,M
9791,Michael Jones,Australia,M
9792,Michael Wilson,Spain,M
9793,Jessica Jones,UK,F
9794,Barbara Johnson,India,F
9795,Elizabeth Rodriguez,UK,F
9796,Thomas Miller,France,M
9797,Mary Smith,France,F
9798,Sarah Rodriguez,USA,F
9799,Patricia Johnson,Spain,F
9800,Karen Davis,India,F
9801,Michael Smith,UK,M
9802,Linda Johnson,Brazil,F
9803,Patricia Williams,Spain,F
9804,Thomas Johnson,Italy,M
9805,Susan Garcia,Italy,F
9806,Thomas Miller,Italy,M
9807,Mary Miller,USA,F
9808,Charles Williams,Brazil,M
9809,John Rodriguez,India,M
9810,William Smith,Spain,M
9811,Daniel Davis,Australia,M
9812,Thomas Rodriguez,USA,M
9813,David Rodriguez,India,M
9814,Thomas Garcia,Brazil,M
9815,Susan Brown,UK,F
9816,James Smith,Spain,M
9817,Robert Smith,Spain,M
9818,Karen Smith,UK,F
9819,Thomas Miller,France,M
9820,Elizabeth Rodriguez,Canada,F
9821,Patricia Brown,Australia,F
9822,Daniel Williams,India,M
9823,Barbara Wilson,Canada,F
9824,Susan Brown,Brazil,F
9825,Michael Davis,UK,M
9826,Michael Brown,India,M
9827,Susan Rodriguez,UK,F
9828,James Johnson,Italy,M
9829,Mary Smith,Brazil,F
9830,Susan Miller,India,F
9831,Joseph Wilson,Germany,M
9832,Charles Smith,UK,M
9833,Mary Wilson,Brazil,F
9834,Linda Garcia,Australia,F
9835,Linda Rodriguez,Italy,F
9836,John Williams,Brazil,M
9837,David Williams,Spain,M
9838,David Garcia,Germany,M
9839,Daniel Williams,Canada,M
9840,Robert Williams,USA,M
9841,Karen Garcia,Australia,F
9842,David Brown,France,M
9843,Jennifer Davis,UK,F
9844,Robert Davis,Canada,M
9845,William Williams,Spain,M
9846,James Johnson,Spain,M
9847,William Williams,USA,M
9848,Sarah Wilson,Spain,F
9849,Karen Wilson,UK,F
9850,Michael Miller,France,M
9851,Jennifer Davis,Spain,F
9852,David Williams,Italy,M
9853,John Davis,USA,M
9854,Robert Smith,UK,M
9855,Joseph Jones,Canada,M
9856,Karen Rodriguez,Spain,F
9857,Michael Davis,France,M
9858,William Rodriguez,France,M
9859,Charles Wilson,Spain,M
9860,Mary Jones,USA,F
9861,Daniel Wilson,France,M
9862,Karen Miller,USA,F
9863,Elizabeth Rodriguez,Italy,F
9864,Joseph Garcia,Germany,M
9865,Karen Jones,India,F
9866,Patricia Smith,UK,F
9867,John Brown,Canada,M
9868,Patricia Miller,Canada,F
9869,Robert Garcia,UK,M
9870,Michael Jones,Australia,M
9871,Robert Miller,Canada,M
9872,Joseph Smith,USA,M
9873,Linda Miller,Australia,F
9874,Sarah Wilson,UK,F
9875,Robert Garcia,Italy,M
9876,Thomas Williams,France,M
9877,Elizabeth Williams,India,F
9878,Elizabeth Miller,India,F
9879,Robert Davis,Brazil,M
9880,David Miller,Germany,M
9881,Barbara Miller,Canada,F
9882,Karen Davis,UK,F
9883,Jessica Rodriguez,UK,F
9884,Michael Johnson,Brazil,M
9885,Jessica Johnson,USA,F
9886,William Johnson,UK,M
9887,Elizabeth Brown,Italy,F
9888,Susan Rodriguez,UK,F
9889,Linda Rodriguez,UK,F
9890,William Williams,Germany,M
9891,Daniel Rodriguez,Australia,M
9892,Robert Williams,Canada,M
9893,Susan Johnson,Brazil,F
9894,Thomas Jones,Germany,M
9895,Robert Davis,India,M
9896,Karen Wilson,Australia,F
9897,William Rodriguez,Italy,M
9898,Robert Smith,Italy,M
9899,Mary Brown,Brazil,F
9900,Sarah Brown,Germany,F
9901,Susan Wilson,Italy,F
9902,James Garcia,Canada,M
9903,Mary Jones,Germany,F
9904,Karen Johnson,Brazil,F
9905,John Garcia,UK,M
9906,Barbara Wilson,Brazil,F
9907,Mary Rodriguez,Italy,F
9908,Sarah Smith,Canada,F
9909,Robert Miller,Australia,M
9910,Elizabeth Wilson,Canada,F
9911,David Garcia,Canada,M
9912,Daniel Davis,India,M
9913,Michael Davis,Spain,M
9914,William Williams,UK,M
9915,Patricia Miller,Brazil,F
9916,Jennifer Williams,USA,F
9917,Jennifer Williams,UK,F
9918,Elizabeth Davis,USA,F
9919,Jennifer Brown,Spain,F
9920,Jessica Garcia,Spain,F
9921,Susan Garcia,France,F
9922,Barbara Garcia,UK,F
9923,Mary Jones,Brazil,F
9924,John Wilson,India,M
9925,Daniel Garcia,Canada,M
9926,Thomas Garcia,Australia,M
9927,David Miller,Spain,M
9928,John Miller,Spain,M
9929,Jennifer Williams,India,F
9930,James Miller,France,M
9931,Susan Williams,India,F
9932,Susan Johnson,Canada,F
9933,Sarah Johnson,Italy,F
9934,Michael Wilson,India,M
9935,Karen Williams,Italy,F
9936,Barbara Miller,Germany,F
9937,Daniel Rodriguez,Italy,M
9938,Mary Rodriguez,India,F
9939,Jessica Rodriguez,Brazil,F
9940,James Garcia,Brazil,M
9941,Daniel Wilson,India,M
9942,Patricia Johnson,Germany,F
9943,Sarah Brown,Brazil,F
9944,William Smith,India,M
9945,Mary Smith,Spain,F
9946,Thomas Miller,Canada,M
9947,John Rodriguez,Spain,M
9948,Sarah Johnson,UK,F
9949,John Smith,Germany,M
9950,Joseph Davis,USA,M
9951,David Brown,USA,M
9952,Sarah Wilson,Italy,F
9953,Robert Rodriguez,Spain,M
9954,John Garcia,France,M
9955,Michael Wilson,USA,M
9956,John Davis,Spain,M
9957,David Garcia,Spain,M
9958,Susan Smith,Canada,F
9959,Linda Garcia,Australia,F
9960,Sarah Davis,Canada,F
9961,Patricia Miller,Brazil,F
9962,James Rodriguez,India,M
9963,Michael Smith,India,M
9964,James Wilson,Brazil,M
9965,Elizabeth Williams,India,F
9966,Patricia Wilson,UK,F
9967,Joseph Rodriguez,Spain,M
9968,James Miller,Canada,M
9969,Barbara Jones,Italy,F
9970,Charles Brown,Germany,M
9971,Jessica Wilson,France,F
9972,Mary Johnson,Italy,F
9973,Joseph Williams,France,M
9974,Joseph Jones,Canada,M
9975,Robert Miller,India,M
9976,Michael Wilson,USA,M
9977,William Miller,Italy,M
9978,Patricia Wilson,France,F
9979,Robert Miller,Australia,M
9980,Mary Williams,Germany,F
9981,Karen Williams,France,F
9982,Jennifer Brown,Germany,F
9983,Karen Williams,Brazil,F
9984,Linda Rodriguez,Brazil,F
9985,Linda Jones,Germany,F
9986,John Miller,Italy,M
9987,Charles Brown,France,M
9988,Elizabeth Miller,India,F
9989,Charles Smith,UK,M
9990,Michael Miller,Spain,M
9991,Charles Smith,Canada,M
9992,John Davis,USA,M
9993,John Williams,Italy,M
9994,David Smith,Germany,M
9995,John Brown,UK,M
9996,Susan Brown,UK,F
9997,Mary Williams,Canada,F
9998,Patricia Wilson,UK,F
9999,Barbara Wilson,USA,F
10000,Patricia Brown,USA,F
